{"model": {"type": "minecraft:range_dispatch", "property": "minecraft:custom_model_data", "entries": [{"threshold": 0.0001, "model": {"type": "minecraft:empty"}}, {"threshold": 0.09765625, "model": {"type": "minecraft:model", "model": "ntils:item/z/sfx/cube/back/25", "tints": [{"type": "minecraft:custom_model_data", "default": 16777215}]}}, {"threshold": 0.1015625, "model": {"type": "minecraft:model", "model": "ntils:item/z/sfx/cube/back/26", "tints": [{"type": "minecraft:custom_model_data", "default": 16777215}]}}, {"threshold": 0.10546875, "model": {"type": "minecraft:model", "model": "ntils:item/z/sfx/cube/back/27", "tints": [{"type": "minecraft:custom_model_data", "default": 16777215}]}}, {"threshold": 0.109375, "model": {"type": "minecraft:model", "model": "ntils:item/z/sfx/cube/back/28", "tints": [{"type": "minecraft:custom_model_data", "default": 16777215}]}}, {"threshold": 0.11328125, "model": {"type": "minecraft:model", "model": "ntils:item/z/sfx/cube/back/29", "tints": [{"type": "minecraft:custom_model_data", "default": 16777215}]}}, {"threshold": 0.1171875, "model": {"type": "minecraft:model", "model": "ntils:item/z/sfx/cube/back/30", "tints": [{"type": "minecraft:custom_model_data", "default": 16777215}]}}, {"threshold": 0.12109375, "model": {"type": "minecraft:model", "model": "ntils:item/z/sfx/cube/back/31", "tints": [{"type": "minecraft:custom_model_data", "default": 16777215}]}}, {"threshold": 0.125, "model": {"type": "minecraft:model", "model": "ntils:item/z/sfx/cube/back/32", "tints": [{"type": "minecraft:custom_model_data", "default": 16777215}]}}, {"threshold": 0.12890625, "model": {"type": "minecraft:model", "model": "ntils:item/z/sfx/cube/back/33", "tints": [{"type": "minecraft:custom_model_data", "default": 16777215}]}}, {"threshold": 0.1328125, "model": {"type": "minecraft:model", "model": "ntils:item/z/sfx/cube/back/34", "tints": [{"type": "minecraft:custom_model_data", "default": 16777215}]}}, {"threshold": 0.13671875, "model": {"type": "minecraft:model", "model": "ntils:item/z/sfx/cube/back/35", "tints": [{"type": "minecraft:custom_model_data", "default": 16777215}]}}, {"threshold": 0.140625, "model": {"type": "minecraft:model", "model": "ntils:item/z/sfx/cube/back/36", "tints": [{"type": "minecraft:custom_model_data", "default": 16777215}]}}, {"threshold": 0.14453125, "model": {"type": "minecraft:model", "model": "ntils:item/z/sfx/cube/back/37", "tints": [{"type": "minecraft:custom_model_data", "default": 16777215}]}}, {"threshold": 0.1484375, "model": {"type": "minecraft:model", "model": "ntils:item/z/sfx/cube/back/38", "tints": [{"type": "minecraft:custom_model_data", "default": 16777215}]}}, {"threshold": 0.15234375, "model": {"type": "minecraft:model", "model": "ntils:item/z/sfx/cube/back/39", "tints": [{"type": "minecraft:custom_model_data", "default": 16777215}]}}, {"threshold": 0.15625, "model": {"type": "minecraft:model", "model": "ntils:item/z/sfx/cube/back/40", "tints": [{"type": "minecraft:custom_model_data", "default": 16777215}]}}, {"threshold": 0.16015625, "model": {"type": "minecraft:model", "model": "ntils:item/z/sfx/cube/back/41", "tints": [{"type": "minecraft:custom_model_data", "default": 16777215}]}}, {"threshold": 0.1640625, "model": {"type": "minecraft:model", "model": "ntils:item/z/sfx/cube/back/42", "tints": [{"type": "minecraft:custom_model_data", "default": 16777215}]}}, {"threshold": 0.16796875, "model": {"type": "minecraft:model", "model": "ntils:item/z/sfx/cube/back/43", "tints": [{"type": "minecraft:custom_model_data", "default": 16777215}]}}, {"threshold": 0.171875, "model": {"type": "minecraft:model", "model": "ntils:item/z/sfx/cube/back/44", "tints": [{"type": "minecraft:custom_model_data", "default": 16777215}]}}, {"threshold": 0.17578125, "model": {"type": "minecraft:model", "model": "ntils:item/z/sfx/cube/back/45", "tints": [{"type": "minecraft:custom_model_data", "default": 16777215}]}}, {"threshold": 0.1796875, "model": {"type": "minecraft:model", "model": "ntils:item/z/sfx/cube/back/46", "tints": [{"type": "minecraft:custom_model_data", "default": 16777215}]}}, {"threshold": 0.18359375, "model": {"type": "minecraft:model", "model": "ntils:item/z/sfx/cube/back/47", "tints": [{"type": "minecraft:custom_model_data", "default": 16777215}]}}, {"threshold": 0.1875, "model": {"type": "minecraft:model", "model": "ntils:item/z/sfx/cube/back/48", "tints": [{"type": "minecraft:custom_model_data", "default": 16777215}]}}, {"threshold": 0.19140625, "model": {"type": "minecraft:model", "model": "ntils:item/z/sfx/cube/back/49", "tints": [{"type": "minecraft:custom_model_data", "default": 16777215}]}}, {"threshold": 0.1953125, "model": {"type": "minecraft:model", "model": "ntils:item/z/sfx/cube/back/50", "tints": [{"type": "minecraft:custom_model_data", "default": 16777215}]}}, {"threshold": 0.19921875, "model": {"type": "minecraft:model", "model": "ntils:item/z/sfx/cube/back/51", "tints": [{"type": "minecraft:custom_model_data", "default": 16777215}]}}, {"threshold": 0.203125, "model": {"type": "minecraft:model", "model": "ntils:item/z/sfx/cube/back/52", "tints": [{"type": "minecraft:custom_model_data", "default": 16777215}]}}, {"threshold": 0.20703125, "model": {"type": "minecraft:model", "model": "ntils:item/z/sfx/cube/back/53", "tints": [{"type": "minecraft:custom_model_data", "default": 16777215}]}}, {"threshold": 0.2109375, "model": {"type": "minecraft:model", "model": "ntils:item/z/sfx/cube/back/54", "tints": [{"type": "minecraft:custom_model_data", "default": 16777215}]}}, {"threshold": 0.21484375, "model": {"type": "minecraft:model", "model": "ntils:item/z/sfx/cube/back/55", "tints": [{"type": "minecraft:custom_model_data", "default": 16777215}]}}, {"threshold": 0.21875, "model": {"type": "minecraft:model", "model": "ntils:item/z/sfx/cube/back/56", "tints": [{"type": "minecraft:custom_model_data", "default": 16777215}]}}, {"threshold": 0.22265625, "model": {"type": "minecraft:model", "model": "ntils:item/z/sfx/cube/back/57", "tints": [{"type": "minecraft:custom_model_data", "default": 16777215}]}}, {"threshold": 0.2265625, "model": {"type": "minecraft:model", "model": "ntils:item/z/sfx/cube/back/58", "tints": [{"type": "minecraft:custom_model_data", "default": 16777215}]}}, {"threshold": 0.23046875, "model": {"type": "minecraft:model", "model": "ntils:item/z/sfx/cube/back/59", "tints": [{"type": "minecraft:custom_model_data", "default": 16777215}]}}, {"threshold": 0.234375, "model": {"type": "minecraft:model", "model": "ntils:item/z/sfx/cube/back/60", "tints": [{"type": "minecraft:custom_model_data", "default": 16777215}]}}, {"threshold": 0.23828125, "model": {"type": "minecraft:model", "model": "ntils:item/z/sfx/cube/back/61", "tints": [{"type": "minecraft:custom_model_data", "default": 16777215}]}}, {"threshold": 0.2421875, "model": {"type": "minecraft:model", "model": "ntils:item/z/sfx/cube/back/62", "tints": [{"type": "minecraft:custom_model_data", "default": 16777215}]}}, {"threshold": 0.24609375, "model": {"type": "minecraft:model", "model": "ntils:item/z/sfx/cube/back/63", "tints": [{"type": "minecraft:custom_model_data", "default": 16777215}]}}, {"threshold": 0.25, "model": {"type": "minecraft:model", "model": "ntils:item/z/sfx/cube/back/64", "tints": [{"type": "minecraft:custom_model_data", "default": 16777215}]}}, {"threshold": 0.25390625, "model": {"type": "minecraft:model", "model": "ntils:item/z/sfx/cube/back/65", "tints": [{"type": "minecraft:custom_model_data", "default": 16777215}]}}, {"threshold": 0.2578125, "model": {"type": "minecraft:model", "model": "ntils:item/z/sfx/cube/back/66", "tints": [{"type": "minecraft:custom_model_data", "default": 16777215}]}}, {"threshold": 0.26171875, "model": {"type": "minecraft:model", "model": "ntils:item/z/sfx/cube/back/67", "tints": [{"type": "minecraft:custom_model_data", "default": 16777215}]}}, {"threshold": 0.265625, "model": {"type": "minecraft:model", "model": "ntils:item/z/sfx/cube/back/68", "tints": [{"type": "minecraft:custom_model_data", "default": 16777215}]}}, {"threshold": 0.26953125, "model": {"type": "minecraft:model", "model": "ntils:item/z/sfx/cube/back/69", "tints": [{"type": "minecraft:custom_model_data", "default": 16777215}]}}, {"threshold": 0.2734375, "model": {"type": "minecraft:model", "model": "ntils:item/z/sfx/cube/back/70", "tints": [{"type": "minecraft:custom_model_data", "default": 16777215}]}}, {"threshold": 0.27734375, "model": {"type": "minecraft:model", "model": "ntils:item/z/sfx/cube/back/71", "tints": [{"type": "minecraft:custom_model_data", "default": 16777215}]}}, {"threshold": 0.28125, "model": {"type": "minecraft:model", "model": "ntils:item/z/sfx/cube/back/72", "tints": [{"type": "minecraft:custom_model_data", "default": 16777215}]}}, {"threshold": 0.28515625, "model": {"type": "minecraft:model", "model": "ntils:item/z/sfx/cube/back/73", "tints": [{"type": "minecraft:custom_model_data", "default": 16777215}]}}, {"threshold": 0.2890625, "model": {"type": "minecraft:model", "model": "ntils:item/z/sfx/cube/back/74", "tints": [{"type": "minecraft:custom_model_data", "default": 16777215}]}}, {"threshold": 0.29296875, "model": {"type": "minecraft:model", "model": "ntils:item/z/sfx/cube/back/75", "tints": [{"type": "minecraft:custom_model_data", "default": 16777215}]}}, {"threshold": 0.296875, "model": {"type": "minecraft:model", "model": "ntils:item/z/sfx/cube/back/76", "tints": [{"type": "minecraft:custom_model_data", "default": 16777215}]}}, {"threshold": 0.30078125, "model": {"type": "minecraft:model", "model": "ntils:item/z/sfx/cube/back/77", "tints": [{"type": "minecraft:custom_model_data", "default": 16777215}]}}, {"threshold": 0.3046875, "model": {"type": "minecraft:model", "model": "ntils:item/z/sfx/cube/back/78", "tints": [{"type": "minecraft:custom_model_data", "default": 16777215}]}}, {"threshold": 0.30859375, "model": {"type": "minecraft:model", "model": "ntils:item/z/sfx/cube/back/79", "tints": [{"type": "minecraft:custom_model_data", "default": 16777215}]}}, {"threshold": 0.3125, "model": {"type": "minecraft:model", "model": "ntils:item/z/sfx/cube/back/80", "tints": [{"type": "minecraft:custom_model_data", "default": 16777215}]}}, {"threshold": 0.31640625, "model": {"type": "minecraft:model", "model": "ntils:item/z/sfx/cube/back/81", "tints": [{"type": "minecraft:custom_model_data", "default": 16777215}]}}, {"threshold": 0.3203125, "model": {"type": "minecraft:model", "model": "ntils:item/z/sfx/cube/back/82", "tints": [{"type": "minecraft:custom_model_data", "default": 16777215}]}}, {"threshold": 0.32421875, "model": {"type": "minecraft:model", "model": "ntils:item/z/sfx/cube/back/83", "tints": [{"type": "minecraft:custom_model_data", "default": 16777215}]}}, {"threshold": 0.328125, "model": {"type": "minecraft:model", "model": "ntils:item/z/sfx/cube/back/84", "tints": [{"type": "minecraft:custom_model_data", "default": 16777215}]}}, {"threshold": 0.33203125, "model": {"type": "minecraft:model", "model": "ntils:item/z/sfx/cube/back/85", "tints": [{"type": "minecraft:custom_model_data", "default": 16777215}]}}, {"threshold": 0.3359375, "model": {"type": "minecraft:model", "model": "ntils:item/z/sfx/cube/back/86", "tints": [{"type": "minecraft:custom_model_data", "default": 16777215}]}}, {"threshold": 0.33984375, "model": {"type": "minecraft:model", "model": "ntils:item/z/sfx/cube/back/87", "tints": [{"type": "minecraft:custom_model_data", "default": 16777215}]}}, {"threshold": 0.34375, "model": {"type": "minecraft:model", "model": "ntils:item/z/sfx/cube/back/88", "tints": [{"type": "minecraft:custom_model_data", "default": 16777215}]}}, {"threshold": 0.34765625, "model": {"type": "minecraft:model", "model": "ntils:item/z/sfx/cube/back/89", "tints": [{"type": "minecraft:custom_model_data", "default": 16777215}]}}, {"threshold": 0.3515625, "model": {"type": "minecraft:model", "model": "ntils:item/z/sfx/cube/back/90", "tints": [{"type": "minecraft:custom_model_data", "default": 16777215}]}}, {"threshold": 0.35546875, "model": {"type": "minecraft:model", "model": "ntils:item/z/sfx/cube/back/91", "tints": [{"type": "minecraft:custom_model_data", "default": 16777215}]}}, {"threshold": 0.359375, "model": {"type": "minecraft:model", "model": "ntils:item/z/sfx/cube/back/92", "tints": [{"type": "minecraft:custom_model_data", "default": 16777215}]}}, {"threshold": 0.36328125, "model": {"type": "minecraft:model", "model": "ntils:item/z/sfx/cube/back/93", "tints": [{"type": "minecraft:custom_model_data", "default": 16777215}]}}, {"threshold": 0.3671875, "model": {"type": "minecraft:model", "model": "ntils:item/z/sfx/cube/back/94", "tints": [{"type": "minecraft:custom_model_data", "default": 16777215}]}}, {"threshold": 0.37109375, "model": {"type": "minecraft:model", "model": "ntils:item/z/sfx/cube/back/95", "tints": [{"type": "minecraft:custom_model_data", "default": 16777215}]}}, {"threshold": 0.375, "model": {"type": "minecraft:model", "model": "ntils:item/z/sfx/cube/back/96", "tints": [{"type": "minecraft:custom_model_data", "default": 16777215}]}}, {"threshold": 0.37890625, "model": {"type": "minecraft:model", "model": "ntils:item/z/sfx/cube/back/97", "tints": [{"type": "minecraft:custom_model_data", "default": 16777215}]}}, {"threshold": 0.3828125, "model": {"type": "minecraft:model", "model": "ntils:item/z/sfx/cube/back/98", "tints": [{"type": "minecraft:custom_model_data", "default": 16777215}]}}, {"threshold": 0.38671875, "model": {"type": "minecraft:model", "model": "ntils:item/z/sfx/cube/back/99", "tints": [{"type": "minecraft:custom_model_data", "default": 16777215}]}}, {"threshold": 0.390625, "model": {"type": "minecraft:model", "model": "ntils:item/z/sfx/cube/back/100", "tints": [{"type": "minecraft:custom_model_data", "default": 16777215}]}}, {"threshold": 0.39453125, "model": {"type": "minecraft:model", "model": "ntils:item/z/sfx/cube/back/101", "tints": [{"type": "minecraft:custom_model_data", "default": 16777215}]}}, {"threshold": 0.3984375, "model": {"type": "minecraft:model", "model": "ntils:item/z/sfx/cube/back/102", "tints": [{"type": "minecraft:custom_model_data", "default": 16777215}]}}, {"threshold": 0.40234375, "model": {"type": "minecraft:model", "model": "ntils:item/z/sfx/cube/back/103", "tints": [{"type": "minecraft:custom_model_data", "default": 16777215}]}}, {"threshold": 0.40625, "model": {"type": "minecraft:model", "model": "ntils:item/z/sfx/cube/back/104", "tints": [{"type": "minecraft:custom_model_data", "default": 16777215}]}}, {"threshold": 0.41015625, "model": {"type": "minecraft:model", "model": "ntils:item/z/sfx/cube/back/105", "tints": [{"type": "minecraft:custom_model_data", "default": 16777215}]}}, {"threshold": 0.4140625, "model": {"type": "minecraft:model", "model": "ntils:item/z/sfx/cube/back/106", "tints": [{"type": "minecraft:custom_model_data", "default": 16777215}]}}, {"threshold": 0.41796875, "model": {"type": "minecraft:model", "model": "ntils:item/z/sfx/cube/back/107", "tints": [{"type": "minecraft:custom_model_data", "default": 16777215}]}}, {"threshold": 0.421875, "model": {"type": "minecraft:model", "model": "ntils:item/z/sfx/cube/back/108", "tints": [{"type": "minecraft:custom_model_data", "default": 16777215}]}}, {"threshold": 0.42578125, "model": {"type": "minecraft:model", "model": "ntils:item/z/sfx/cube/back/109", "tints": [{"type": "minecraft:custom_model_data", "default": 16777215}]}}, {"threshold": 0.4296875, "model": {"type": "minecraft:model", "model": "ntils:item/z/sfx/cube/back/110", "tints": [{"type": "minecraft:custom_model_data", "default": 16777215}]}}, {"threshold": 0.43359375, "model": {"type": "minecraft:model", "model": "ntils:item/z/sfx/cube/back/111", "tints": [{"type": "minecraft:custom_model_data", "default": 16777215}]}}, {"threshold": 0.4375, "model": {"type": "minecraft:model", "model": "ntils:item/z/sfx/cube/back/112", "tints": [{"type": "minecraft:custom_model_data", "default": 16777215}]}}, {"threshold": 0.44140625, "model": {"type": "minecraft:model", "model": "ntils:item/z/sfx/cube/back/113", "tints": [{"type": "minecraft:custom_model_data", "default": 16777215}]}}, {"threshold": 0.4453125, "model": {"type": "minecraft:model", "model": "ntils:item/z/sfx/cube/back/114", "tints": [{"type": "minecraft:custom_model_data", "default": 16777215}]}}, {"threshold": 0.44921875, "model": {"type": "minecraft:model", "model": "ntils:item/z/sfx/cube/back/115", "tints": [{"type": "minecraft:custom_model_data", "default": 16777215}]}}, {"threshold": 0.453125, "model": {"type": "minecraft:model", "model": "ntils:item/z/sfx/cube/back/116", "tints": [{"type": "minecraft:custom_model_data", "default": 16777215}]}}, {"threshold": 0.45703125, "model": {"type": "minecraft:model", "model": "ntils:item/z/sfx/cube/back/117", "tints": [{"type": "minecraft:custom_model_data", "default": 16777215}]}}, {"threshold": 0.4609375, "model": {"type": "minecraft:model", "model": "ntils:item/z/sfx/cube/back/118", "tints": [{"type": "minecraft:custom_model_data", "default": 16777215}]}}, {"threshold": 0.46484375, "model": {"type": "minecraft:model", "model": "ntils:item/z/sfx/cube/back/119", "tints": [{"type": "minecraft:custom_model_data", "default": 16777215}]}}, {"threshold": 0.46875, "model": {"type": "minecraft:model", "model": "ntils:item/z/sfx/cube/back/120", "tints": [{"type": "minecraft:custom_model_data", "default": 16777215}]}}, {"threshold": 0.47265625, "model": {"type": "minecraft:model", "model": "ntils:item/z/sfx/cube/back/121", "tints": [{"type": "minecraft:custom_model_data", "default": 16777215}]}}, {"threshold": 0.4765625, "model": {"type": "minecraft:model", "model": "ntils:item/z/sfx/cube/back/122", "tints": [{"type": "minecraft:custom_model_data", "default": 16777215}]}}, {"threshold": 0.48046875, "model": {"type": "minecraft:model", "model": "ntils:item/z/sfx/cube/back/123", "tints": [{"type": "minecraft:custom_model_data", "default": 16777215}]}}, {"threshold": 0.484375, "model": {"type": "minecraft:model", "model": "ntils:item/z/sfx/cube/back/124", "tints": [{"type": "minecraft:custom_model_data", "default": 16777215}]}}, {"threshold": 0.48828125, "model": {"type": "minecraft:model", "model": "ntils:item/z/sfx/cube/back/125", "tints": [{"type": "minecraft:custom_model_data", "default": 16777215}]}}, {"threshold": 0.4921875, "model": {"type": "minecraft:model", "model": "ntils:item/z/sfx/cube/back/126", "tints": [{"type": "minecraft:custom_model_data", "default": 16777215}]}}, {"threshold": 0.49609375, "model": {"type": "minecraft:model", "model": "ntils:item/z/sfx/cube/back/127", "tints": [{"type": "minecraft:custom_model_data", "default": 16777215}]}}, {"threshold": 0.5, "model": {"type": "minecraft:model", "model": "ntils:item/z/sfx/cube/back/128", "tints": [{"type": "minecraft:custom_model_data", "default": 16777215}]}}, {"threshold": 0.50390625, "model": {"type": "minecraft:model", "model": "ntils:item/z/sfx/cube/back/129", "tints": [{"type": "minecraft:custom_model_data", "default": 16777215}]}}, {"threshold": 0.5078125, "model": {"type": "minecraft:model", "model": "ntils:item/z/sfx/cube/back/130", "tints": [{"type": "minecraft:custom_model_data", "default": 16777215}]}}, {"threshold": 0.51171875, "model": {"type": "minecraft:model", "model": "ntils:item/z/sfx/cube/back/131", "tints": [{"type": "minecraft:custom_model_data", "default": 16777215}]}}, {"threshold": 0.515625, "model": {"type": "minecraft:model", "model": "ntils:item/z/sfx/cube/back/132", "tints": [{"type": "minecraft:custom_model_data", "default": 16777215}]}}, {"threshold": 0.51953125, "model": {"type": "minecraft:model", "model": "ntils:item/z/sfx/cube/back/133", "tints": [{"type": "minecraft:custom_model_data", "default": 16777215}]}}, {"threshold": 0.5234375, "model": {"type": "minecraft:model", "model": "ntils:item/z/sfx/cube/back/134", "tints": [{"type": "minecraft:custom_model_data", "default": 16777215}]}}, {"threshold": 0.52734375, "model": {"type": "minecraft:model", "model": "ntils:item/z/sfx/cube/back/135", "tints": [{"type": "minecraft:custom_model_data", "default": 16777215}]}}, {"threshold": 0.53125, "model": {"type": "minecraft:model", "model": "ntils:item/z/sfx/cube/back/136", "tints": [{"type": "minecraft:custom_model_data", "default": 16777215}]}}, {"threshold": 0.53515625, "model": {"type": "minecraft:model", "model": "ntils:item/z/sfx/cube/back/137", "tints": [{"type": "minecraft:custom_model_data", "default": 16777215}]}}, {"threshold": 0.5390625, "model": {"type": "minecraft:model", "model": "ntils:item/z/sfx/cube/back/138", "tints": [{"type": "minecraft:custom_model_data", "default": 16777215}]}}, {"threshold": 0.54296875, "model": {"type": "minecraft:model", "model": "ntils:item/z/sfx/cube/back/139", "tints": [{"type": "minecraft:custom_model_data", "default": 16777215}]}}, {"threshold": 0.546875, "model": {"type": "minecraft:model", "model": "ntils:item/z/sfx/cube/back/140", "tints": [{"type": "minecraft:custom_model_data", "default": 16777215}]}}, {"threshold": 0.55078125, "model": {"type": "minecraft:model", "model": "ntils:item/z/sfx/cube/back/141", "tints": [{"type": "minecraft:custom_model_data", "default": 16777215}]}}, {"threshold": 0.5546875, "model": {"type": "minecraft:model", "model": "ntils:item/z/sfx/cube/back/142", "tints": [{"type": "minecraft:custom_model_data", "default": 16777215}]}}, {"threshold": 0.55859375, "model": {"type": "minecraft:model", "model": "ntils:item/z/sfx/cube/back/143", "tints": [{"type": "minecraft:custom_model_data", "default": 16777215}]}}, {"threshold": 0.5625, "model": {"type": "minecraft:model", "model": "ntils:item/z/sfx/cube/back/144", "tints": [{"type": "minecraft:custom_model_data", "default": 16777215}]}}, {"threshold": 0.56640625, "model": {"type": "minecraft:model", "model": "ntils:item/z/sfx/cube/back/145", "tints": [{"type": "minecraft:custom_model_data", "default": 16777215}]}}, {"threshold": 0.5703125, "model": {"type": "minecraft:model", "model": "ntils:item/z/sfx/cube/back/146", "tints": [{"type": "minecraft:custom_model_data", "default": 16777215}]}}, {"threshold": 0.57421875, "model": {"type": "minecraft:model", "model": "ntils:item/z/sfx/cube/back/147", "tints": [{"type": "minecraft:custom_model_data", "default": 16777215}]}}, {"threshold": 0.578125, "model": {"type": "minecraft:model", "model": "ntils:item/z/sfx/cube/back/148", "tints": [{"type": "minecraft:custom_model_data", "default": 16777215}]}}, {"threshold": 0.58203125, "model": {"type": "minecraft:model", "model": "ntils:item/z/sfx/cube/back/149", "tints": [{"type": "minecraft:custom_model_data", "default": 16777215}]}}, {"threshold": 0.5859375, "model": {"type": "minecraft:model", "model": "ntils:item/z/sfx/cube/back/150", "tints": [{"type": "minecraft:custom_model_data", "default": 16777215}]}}, {"threshold": 0.58984375, "model": {"type": "minecraft:model", "model": "ntils:item/z/sfx/cube/back/151", "tints": [{"type": "minecraft:custom_model_data", "default": 16777215}]}}, {"threshold": 0.59375, "model": {"type": "minecraft:model", "model": "ntils:item/z/sfx/cube/back/152", "tints": [{"type": "minecraft:custom_model_data", "default": 16777215}]}}, {"threshold": 0.59765625, "model": {"type": "minecraft:model", "model": "ntils:item/z/sfx/cube/back/153", "tints": [{"type": "minecraft:custom_model_data", "default": 16777215}]}}, {"threshold": 0.6015625, "model": {"type": "minecraft:model", "model": "ntils:item/z/sfx/cube/back/154", "tints": [{"type": "minecraft:custom_model_data", "default": 16777215}]}}, {"threshold": 0.60546875, "model": {"type": "minecraft:model", "model": "ntils:item/z/sfx/cube/back/155", "tints": [{"type": "minecraft:custom_model_data", "default": 16777215}]}}, {"threshold": 0.609375, "model": {"type": "minecraft:model", "model": "ntils:item/z/sfx/cube/back/156", "tints": [{"type": "minecraft:custom_model_data", "default": 16777215}]}}, {"threshold": 0.61328125, "model": {"type": "minecraft:model", "model": "ntils:item/z/sfx/cube/back/157", "tints": [{"type": "minecraft:custom_model_data", "default": 16777215}]}}, {"threshold": 0.6171875, "model": {"type": "minecraft:model", "model": "ntils:item/z/sfx/cube/back/158", "tints": [{"type": "minecraft:custom_model_data", "default": 16777215}]}}, {"threshold": 0.62109375, "model": {"type": "minecraft:model", "model": "ntils:item/z/sfx/cube/back/159", "tints": [{"type": "minecraft:custom_model_data", "default": 16777215}]}}, {"threshold": 0.625, "model": {"type": "minecraft:model", "model": "ntils:item/z/sfx/cube/back/160", "tints": [{"type": "minecraft:custom_model_data", "default": 16777215}]}}, {"threshold": 0.62890625, "model": {"type": "minecraft:model", "model": "ntils:item/z/sfx/cube/back/161", "tints": [{"type": "minecraft:custom_model_data", "default": 16777215}]}}, {"threshold": 0.6328125, "model": {"type": "minecraft:model", "model": "ntils:item/z/sfx/cube/back/162", "tints": [{"type": "minecraft:custom_model_data", "default": 16777215}]}}, {"threshold": 0.63671875, "model": {"type": "minecraft:model", "model": "ntils:item/z/sfx/cube/back/163", "tints": [{"type": "minecraft:custom_model_data", "default": 16777215}]}}, {"threshold": 0.640625, "model": {"type": "minecraft:model", "model": "ntils:item/z/sfx/cube/back/164", "tints": [{"type": "minecraft:custom_model_data", "default": 16777215}]}}, {"threshold": 0.64453125, "model": {"type": "minecraft:model", "model": "ntils:item/z/sfx/cube/back/165", "tints": [{"type": "minecraft:custom_model_data", "default": 16777215}]}}, {"threshold": 0.6484375, "model": {"type": "minecraft:model", "model": "ntils:item/z/sfx/cube/back/166", "tints": [{"type": "minecraft:custom_model_data", "default": 16777215}]}}, {"threshold": 0.65234375, "model": {"type": "minecraft:model", "model": "ntils:item/z/sfx/cube/back/167", "tints": [{"type": "minecraft:custom_model_data", "default": 16777215}]}}, {"threshold": 0.65625, "model": {"type": "minecraft:model", "model": "ntils:item/z/sfx/cube/back/168", "tints": [{"type": "minecraft:custom_model_data", "default": 16777215}]}}, {"threshold": 0.66015625, "model": {"type": "minecraft:model", "model": "ntils:item/z/sfx/cube/back/169", "tints": [{"type": "minecraft:custom_model_data", "default": 16777215}]}}, {"threshold": 0.6640625, "model": {"type": "minecraft:model", "model": "ntils:item/z/sfx/cube/back/170", "tints": [{"type": "minecraft:custom_model_data", "default": 16777215}]}}, {"threshold": 0.66796875, "model": {"type": "minecraft:model", "model": "ntils:item/z/sfx/cube/back/171", "tints": [{"type": "minecraft:custom_model_data", "default": 16777215}]}}, {"threshold": 0.671875, "model": {"type": "minecraft:model", "model": "ntils:item/z/sfx/cube/back/172", "tints": [{"type": "minecraft:custom_model_data", "default": 16777215}]}}, {"threshold": 0.67578125, "model": {"type": "minecraft:model", "model": "ntils:item/z/sfx/cube/back/173", "tints": [{"type": "minecraft:custom_model_data", "default": 16777215}]}}, {"threshold": 0.6796875, "model": {"type": "minecraft:model", "model": "ntils:item/z/sfx/cube/back/174", "tints": [{"type": "minecraft:custom_model_data", "default": 16777215}]}}, {"threshold": 0.68359375, "model": {"type": "minecraft:model", "model": "ntils:item/z/sfx/cube/back/175", "tints": [{"type": "minecraft:custom_model_data", "default": 16777215}]}}, {"threshold": 0.6875, "model": {"type": "minecraft:model", "model": "ntils:item/z/sfx/cube/back/176", "tints": [{"type": "minecraft:custom_model_data", "default": 16777215}]}}, {"threshold": 0.69140625, "model": {"type": "minecraft:model", "model": "ntils:item/z/sfx/cube/back/177", "tints": [{"type": "minecraft:custom_model_data", "default": 16777215}]}}, {"threshold": 0.6953125, "model": {"type": "minecraft:model", "model": "ntils:item/z/sfx/cube/back/178", "tints": [{"type": "minecraft:custom_model_data", "default": 16777215}]}}, {"threshold": 0.69921875, "model": {"type": "minecraft:model", "model": "ntils:item/z/sfx/cube/back/179", "tints": [{"type": "minecraft:custom_model_data", "default": 16777215}]}}, {"threshold": 0.703125, "model": {"type": "minecraft:model", "model": "ntils:item/z/sfx/cube/back/180", "tints": [{"type": "minecraft:custom_model_data", "default": 16777215}]}}, {"threshold": 0.70703125, "model": {"type": "minecraft:model", "model": "ntils:item/z/sfx/cube/back/181", "tints": [{"type": "minecraft:custom_model_data", "default": 16777215}]}}, {"threshold": 0.7109375, "model": {"type": "minecraft:model", "model": "ntils:item/z/sfx/cube/back/182", "tints": [{"type": "minecraft:custom_model_data", "default": 16777215}]}}, {"threshold": 0.71484375, "model": {"type": "minecraft:model", "model": "ntils:item/z/sfx/cube/back/183", "tints": [{"type": "minecraft:custom_model_data", "default": 16777215}]}}, {"threshold": 0.71875, "model": {"type": "minecraft:model", "model": "ntils:item/z/sfx/cube/back/184", "tints": [{"type": "minecraft:custom_model_data", "default": 16777215}]}}, {"threshold": 0.72265625, "model": {"type": "minecraft:model", "model": "ntils:item/z/sfx/cube/back/185", "tints": [{"type": "minecraft:custom_model_data", "default": 16777215}]}}, {"threshold": 0.7265625, "model": {"type": "minecraft:model", "model": "ntils:item/z/sfx/cube/back/186", "tints": [{"type": "minecraft:custom_model_data", "default": 16777215}]}}, {"threshold": 0.73046875, "model": {"type": "minecraft:model", "model": "ntils:item/z/sfx/cube/back/187", "tints": [{"type": "minecraft:custom_model_data", "default": 16777215}]}}, {"threshold": 0.734375, "model": {"type": "minecraft:model", "model": "ntils:item/z/sfx/cube/back/188", "tints": [{"type": "minecraft:custom_model_data", "default": 16777215}]}}, {"threshold": 0.73828125, "model": {"type": "minecraft:model", "model": "ntils:item/z/sfx/cube/back/189", "tints": [{"type": "minecraft:custom_model_data", "default": 16777215}]}}, {"threshold": 0.7421875, "model": {"type": "minecraft:model", "model": "ntils:item/z/sfx/cube/back/190", "tints": [{"type": "minecraft:custom_model_data", "default": 16777215}]}}, {"threshold": 0.74609375, "model": {"type": "minecraft:model", "model": "ntils:item/z/sfx/cube/back/191", "tints": [{"type": "minecraft:custom_model_data", "default": 16777215}]}}, {"threshold": 0.75, "model": {"type": "minecraft:model", "model": "ntils:item/z/sfx/cube/back/192", "tints": [{"type": "minecraft:custom_model_data", "default": 16777215}]}}, {"threshold": 0.75390625, "model": {"type": "minecraft:model", "model": "ntils:item/z/sfx/cube/back/193", "tints": [{"type": "minecraft:custom_model_data", "default": 16777215}]}}, {"threshold": 0.7578125, "model": {"type": "minecraft:model", "model": "ntils:item/z/sfx/cube/back/194", "tints": [{"type": "minecraft:custom_model_data", "default": 16777215}]}}, {"threshold": 0.76171875, "model": {"type": "minecraft:model", "model": "ntils:item/z/sfx/cube/back/195", "tints": [{"type": "minecraft:custom_model_data", "default": 16777215}]}}, {"threshold": 0.765625, "model": {"type": "minecraft:model", "model": "ntils:item/z/sfx/cube/back/196", "tints": [{"type": "minecraft:custom_model_data", "default": 16777215}]}}, {"threshold": 0.76953125, "model": {"type": "minecraft:model", "model": "ntils:item/z/sfx/cube/back/197", "tints": [{"type": "minecraft:custom_model_data", "default": 16777215}]}}, {"threshold": 0.7734375, "model": {"type": "minecraft:model", "model": "ntils:item/z/sfx/cube/back/198", "tints": [{"type": "minecraft:custom_model_data", "default": 16777215}]}}, {"threshold": 0.77734375, "model": {"type": "minecraft:model", "model": "ntils:item/z/sfx/cube/back/199", "tints": [{"type": "minecraft:custom_model_data", "default": 16777215}]}}, {"threshold": 0.78125, "model": {"type": "minecraft:model", "model": "ntils:item/z/sfx/cube/back/200", "tints": [{"type": "minecraft:custom_model_data", "default": 16777215}]}}, {"threshold": 0.78515625, "model": {"type": "minecraft:model", "model": "ntils:item/z/sfx/cube/back/201", "tints": [{"type": "minecraft:custom_model_data", "default": 16777215}]}}, {"threshold": 0.7890625, "model": {"type": "minecraft:model", "model": "ntils:item/z/sfx/cube/back/202", "tints": [{"type": "minecraft:custom_model_data", "default": 16777215}]}}, {"threshold": 0.79296875, "model": {"type": "minecraft:model", "model": "ntils:item/z/sfx/cube/back/203", "tints": [{"type": "minecraft:custom_model_data", "default": 16777215}]}}, {"threshold": 0.796875, "model": {"type": "minecraft:model", "model": "ntils:item/z/sfx/cube/back/204", "tints": [{"type": "minecraft:custom_model_data", "default": 16777215}]}}, {"threshold": 0.80078125, "model": {"type": "minecraft:model", "model": "ntils:item/z/sfx/cube/back/205", "tints": [{"type": "minecraft:custom_model_data", "default": 16777215}]}}, {"threshold": 0.8046875, "model": {"type": "minecraft:model", "model": "ntils:item/z/sfx/cube/back/206", "tints": [{"type": "minecraft:custom_model_data", "default": 16777215}]}}, {"threshold": 0.80859375, "model": {"type": "minecraft:model", "model": "ntils:item/z/sfx/cube/back/207", "tints": [{"type": "minecraft:custom_model_data", "default": 16777215}]}}, {"threshold": 0.8125, "model": {"type": "minecraft:model", "model": "ntils:item/z/sfx/cube/back/208", "tints": [{"type": "minecraft:custom_model_data", "default": 16777215}]}}, {"threshold": 0.81640625, "model": {"type": "minecraft:model", "model": "ntils:item/z/sfx/cube/back/209", "tints": [{"type": "minecraft:custom_model_data", "default": 16777215}]}}, {"threshold": 0.8203125, "model": {"type": "minecraft:model", "model": "ntils:item/z/sfx/cube/back/210", "tints": [{"type": "minecraft:custom_model_data", "default": 16777215}]}}, {"threshold": 0.82421875, "model": {"type": "minecraft:model", "model": "ntils:item/z/sfx/cube/back/211", "tints": [{"type": "minecraft:custom_model_data", "default": 16777215}]}}, {"threshold": 0.828125, "model": {"type": "minecraft:model", "model": "ntils:item/z/sfx/cube/back/212", "tints": [{"type": "minecraft:custom_model_data", "default": 16777215}]}}, {"threshold": 0.83203125, "model": {"type": "minecraft:model", "model": "ntils:item/z/sfx/cube/back/213", "tints": [{"type": "minecraft:custom_model_data", "default": 16777215}]}}, {"threshold": 0.8359375, "model": {"type": "minecraft:model", "model": "ntils:item/z/sfx/cube/back/214", "tints": [{"type": "minecraft:custom_model_data", "default": 16777215}]}}, {"threshold": 0.83984375, "model": {"type": "minecraft:model", "model": "ntils:item/z/sfx/cube/back/215", "tints": [{"type": "minecraft:custom_model_data", "default": 16777215}]}}, {"threshold": 0.84375, "model": {"type": "minecraft:model", "model": "ntils:item/z/sfx/cube/back/216", "tints": [{"type": "minecraft:custom_model_data", "default": 16777215}]}}, {"threshold": 0.84765625, "model": {"type": "minecraft:model", "model": "ntils:item/z/sfx/cube/back/217", "tints": [{"type": "minecraft:custom_model_data", "default": 16777215}]}}, {"threshold": 0.8515625, "model": {"type": "minecraft:model", "model": "ntils:item/z/sfx/cube/back/218", "tints": [{"type": "minecraft:custom_model_data", "default": 16777215}]}}, {"threshold": 0.85546875, "model": {"type": "minecraft:model", "model": "ntils:item/z/sfx/cube/back/219", "tints": [{"type": "minecraft:custom_model_data", "default": 16777215}]}}, {"threshold": 0.859375, "model": {"type": "minecraft:model", "model": "ntils:item/z/sfx/cube/back/220", "tints": [{"type": "minecraft:custom_model_data", "default": 16777215}]}}, {"threshold": 0.86328125, "model": {"type": "minecraft:model", "model": "ntils:item/z/sfx/cube/back/221", "tints": [{"type": "minecraft:custom_model_data", "default": 16777215}]}}, {"threshold": 0.8671875, "model": {"type": "minecraft:model", "model": "ntils:item/z/sfx/cube/back/222", "tints": [{"type": "minecraft:custom_model_data", "default": 16777215}]}}, {"threshold": 0.87109375, "model": {"type": "minecraft:model", "model": "ntils:item/z/sfx/cube/back/223", "tints": [{"type": "minecraft:custom_model_data", "default": 16777215}]}}, {"threshold": 0.875, "model": {"type": "minecraft:model", "model": "ntils:item/z/sfx/cube/back/224", "tints": [{"type": "minecraft:custom_model_data", "default": 16777215}]}}, {"threshold": 0.87890625, "model": {"type": "minecraft:model", "model": "ntils:item/z/sfx/cube/back/225", "tints": [{"type": "minecraft:custom_model_data", "default": 16777215}]}}, {"threshold": 0.8828125, "model": {"type": "minecraft:model", "model": "ntils:item/z/sfx/cube/back/226", "tints": [{"type": "minecraft:custom_model_data", "default": 16777215}]}}, {"threshold": 0.88671875, "model": {"type": "minecraft:model", "model": "ntils:item/z/sfx/cube/back/227", "tints": [{"type": "minecraft:custom_model_data", "default": 16777215}]}}, {"threshold": 0.890625, "model": {"type": "minecraft:model", "model": "ntils:item/z/sfx/cube/back/228", "tints": [{"type": "minecraft:custom_model_data", "default": 16777215}]}}, {"threshold": 0.89453125, "model": {"type": "minecraft:model", "model": "ntils:item/z/sfx/cube/back/229", "tints": [{"type": "minecraft:custom_model_data", "default": 16777215}]}}, {"threshold": 0.8984375, "model": {"type": "minecraft:model", "model": "ntils:item/z/sfx/cube/back/230", "tints": [{"type": "minecraft:custom_model_data", "default": 16777215}]}}, {"threshold": 0.90234375, "model": {"type": "minecraft:model", "model": "ntils:item/z/sfx/cube/back/231", "tints": [{"type": "minecraft:custom_model_data", "default": 16777215}]}}, {"threshold": 0.90625, "model": {"type": "minecraft:model", "model": "ntils:item/z/sfx/cube/back/232", "tints": [{"type": "minecraft:custom_model_data", "default": 16777215}]}}, {"threshold": 0.91015625, "model": {"type": "minecraft:model", "model": "ntils:item/z/sfx/cube/back/233", "tints": [{"type": "minecraft:custom_model_data", "default": 16777215}]}}, {"threshold": 0.9140625, "model": {"type": "minecraft:model", "model": "ntils:item/z/sfx/cube/back/234", "tints": [{"type": "minecraft:custom_model_data", "default": 16777215}]}}, {"threshold": 0.91796875, "model": {"type": "minecraft:model", "model": "ntils:item/z/sfx/cube/back/235", "tints": [{"type": "minecraft:custom_model_data", "default": 16777215}]}}, {"threshold": 0.921875, "model": {"type": "minecraft:model", "model": "ntils:item/z/sfx/cube/back/236", "tints": [{"type": "minecraft:custom_model_data", "default": 16777215}]}}, {"threshold": 0.92578125, "model": {"type": "minecraft:model", "model": "ntils:item/z/sfx/cube/back/237", "tints": [{"type": "minecraft:custom_model_data", "default": 16777215}]}}, {"threshold": 0.9296875, "model": {"type": "minecraft:model", "model": "ntils:item/z/sfx/cube/back/238", "tints": [{"type": "minecraft:custom_model_data", "default": 16777215}]}}, {"threshold": 0.93359375, "model": {"type": "minecraft:model", "model": "ntils:item/z/sfx/cube/back/239", "tints": [{"type": "minecraft:custom_model_data", "default": 16777215}]}}, {"threshold": 0.9375, "model": {"type": "minecraft:model", "model": "ntils:item/z/sfx/cube/back/240", "tints": [{"type": "minecraft:custom_model_data", "default": 16777215}]}}, {"threshold": 0.94140625, "model": {"type": "minecraft:model", "model": "ntils:item/z/sfx/cube/back/241", "tints": [{"type": "minecraft:custom_model_data", "default": 16777215}]}}, {"threshold": 0.9453125, "model": {"type": "minecraft:model", "model": "ntils:item/z/sfx/cube/back/242", "tints": [{"type": "minecraft:custom_model_data", "default": 16777215}]}}, {"threshold": 0.94921875, "model": {"type": "minecraft:model", "model": "ntils:item/z/sfx/cube/back/243", "tints": [{"type": "minecraft:custom_model_data", "default": 16777215}]}}, {"threshold": 0.953125, "model": {"type": "minecraft:model", "model": "ntils:item/z/sfx/cube/back/244", "tints": [{"type": "minecraft:custom_model_data", "default": 16777215}]}}, {"threshold": 0.95703125, "model": {"type": "minecraft:model", "model": "ntils:item/z/sfx/cube/back/245", "tints": [{"type": "minecraft:custom_model_data", "default": 16777215}]}}, {"threshold": 0.9609375, "model": {"type": "minecraft:model", "model": "ntils:item/z/sfx/cube/back/246", "tints": [{"type": "minecraft:custom_model_data", "default": 16777215}]}}, {"threshold": 0.96484375, "model": {"type": "minecraft:model", "model": "ntils:item/z/sfx/cube/back/247", "tints": [{"type": "minecraft:custom_model_data", "default": 16777215}]}}, {"threshold": 0.96875, "model": {"type": "minecraft:model", "model": "ntils:item/z/sfx/cube/back/248", "tints": [{"type": "minecraft:custom_model_data", "default": 16777215}]}}, {"threshold": 0.97265625, "model": {"type": "minecraft:model", "model": "ntils:item/z/sfx/cube/back/249", "tints": [{"type": "minecraft:custom_model_data", "default": 16777215}]}}, {"threshold": 0.9765625, "model": {"type": "minecraft:model", "model": "ntils:item/z/sfx/cube/back/250", "tints": [{"type": "minecraft:custom_model_data", "default": 16777215}]}}, {"threshold": 0.98046875, "model": {"type": "minecraft:model", "model": "ntils:item/z/sfx/cube/back/251", "tints": [{"type": "minecraft:custom_model_data", "default": 16777215}]}}, {"threshold": 0.984375, "model": {"type": "minecraft:model", "model": "ntils:item/z/sfx/cube/back/252", "tints": [{"type": "minecraft:custom_model_data", "default": 16777215}]}}, {"threshold": 0.98828125, "model": {"type": "minecraft:model", "model": "ntils:item/z/sfx/cube/back/253", "tints": [{"type": "minecraft:custom_model_data", "default": 16777215}]}}, {"threshold": 0.9921875, "model": {"type": "minecraft:model", "model": "ntils:item/z/sfx/cube/back/254", "tints": [{"type": "minecraft:custom_model_data", "default": 16777215}]}}, {"threshold": 0.99609375, "model": {"type": "minecraft:model", "model": "ntils:item/z/sfx/cube/back/255", "tints": [{"type": "minecraft:custom_model_data", "default": 16777215}]}}], "fallback": {"type": "minecraft:model", "model": "ntils:item/z/sfx/cube/back/255", "tints": [{"type": "minecraft:custom_model_data", "default": 16777215}]}}}