{"model": {"type": "minecraft:range_dispatch", "property": "minecraft:custom_model_data", "entries": [{"threshold": 0.0001, "model": {"type": "minecraft:empty"}}, {"threshold": 0.09765625, "model": {"type": "minecraft:model", "model": "ntils:item/z/sfx/polygon/25", "tints": [{"type": "minecraft:custom_model_data", "default": 16777215}]}}, {"threshold": 0.1015625, "model": {"type": "minecraft:model", "model": "ntils:item/z/sfx/polygon/26", "tints": [{"type": "minecraft:custom_model_data", "default": 16777215}]}}, {"threshold": 0.10546875, "model": {"type": "minecraft:model", "model": "ntils:item/z/sfx/polygon/27", "tints": [{"type": "minecraft:custom_model_data", "default": 16777215}]}}, {"threshold": 0.109375, "model": {"type": "minecraft:model", "model": "ntils:item/z/sfx/polygon/28", "tints": [{"type": "minecraft:custom_model_data", "default": 16777215}]}}, {"threshold": 0.11328125, "model": {"type": "minecraft:model", "model": "ntils:item/z/sfx/polygon/29", "tints": [{"type": "minecraft:custom_model_data", "default": 16777215}]}}, {"threshold": 0.1171875, "model": {"type": "minecraft:model", "model": "ntils:item/z/sfx/polygon/30", "tints": [{"type": "minecraft:custom_model_data", "default": 16777215}]}}, {"threshold": 0.12109375, "model": {"type": "minecraft:model", "model": "ntils:item/z/sfx/polygon/31", "tints": [{"type": "minecraft:custom_model_data", "default": 16777215}]}}, {"threshold": 0.125, "model": {"type": "minecraft:model", "model": "ntils:item/z/sfx/polygon/32", "tints": [{"type": "minecraft:custom_model_data", "default": 16777215}]}}, {"threshold": 0.12890625, "model": {"type": "minecraft:model", "model": "ntils:item/z/sfx/polygon/33", "tints": [{"type": "minecraft:custom_model_data", "default": 16777215}]}}, {"threshold": 0.1328125, "model": {"type": "minecraft:model", "model": "ntils:item/z/sfx/polygon/34", "tints": [{"type": "minecraft:custom_model_data", "default": 16777215}]}}, {"threshold": 0.13671875, "model": {"type": "minecraft:model", "model": "ntils:item/z/sfx/polygon/35", "tints": [{"type": "minecraft:custom_model_data", "default": 16777215}]}}, {"threshold": 0.140625, "model": {"type": "minecraft:model", "model": "ntils:item/z/sfx/polygon/36", "tints": [{"type": "minecraft:custom_model_data", "default": 16777215}]}}, {"threshold": 0.14453125, "model": {"type": "minecraft:model", "model": "ntils:item/z/sfx/polygon/37", "tints": [{"type": "minecraft:custom_model_data", "default": 16777215}]}}, {"threshold": 0.1484375, "model": {"type": "minecraft:model", "model": "ntils:item/z/sfx/polygon/38", "tints": [{"type": "minecraft:custom_model_data", "default": 16777215}]}}, {"threshold": 0.15234375, "model": {"type": "minecraft:model", "model": "ntils:item/z/sfx/polygon/39", "tints": [{"type": "minecraft:custom_model_data", "default": 16777215}]}}, {"threshold": 0.15625, "model": {"type": "minecraft:model", "model": "ntils:item/z/sfx/polygon/40", "tints": [{"type": "minecraft:custom_model_data", "default": 16777215}]}}, {"threshold": 0.16015625, "model": {"type": "minecraft:model", "model": "ntils:item/z/sfx/polygon/41", "tints": [{"type": "minecraft:custom_model_data", "default": 16777215}]}}, {"threshold": 0.1640625, "model": {"type": "minecraft:model", "model": "ntils:item/z/sfx/polygon/42", "tints": [{"type": "minecraft:custom_model_data", "default": 16777215}]}}, {"threshold": 0.16796875, "model": {"type": "minecraft:model", "model": "ntils:item/z/sfx/polygon/43", "tints": [{"type": "minecraft:custom_model_data", "default": 16777215}]}}, {"threshold": 0.171875, "model": {"type": "minecraft:model", "model": "ntils:item/z/sfx/polygon/44", "tints": [{"type": "minecraft:custom_model_data", "default": 16777215}]}}, {"threshold": 0.17578125, "model": {"type": "minecraft:model", "model": "ntils:item/z/sfx/polygon/45", "tints": [{"type": "minecraft:custom_model_data", "default": 16777215}]}}, {"threshold": 0.1796875, "model": {"type": "minecraft:model", "model": "ntils:item/z/sfx/polygon/46", "tints": [{"type": "minecraft:custom_model_data", "default": 16777215}]}}, {"threshold": 0.18359375, "model": {"type": "minecraft:model", "model": "ntils:item/z/sfx/polygon/47", "tints": [{"type": "minecraft:custom_model_data", "default": 16777215}]}}, {"threshold": 0.1875, "model": {"type": "minecraft:model", "model": "ntils:item/z/sfx/polygon/48", "tints": [{"type": "minecraft:custom_model_data", "default": 16777215}]}}, {"threshold": 0.19140625, "model": {"type": "minecraft:model", "model": "ntils:item/z/sfx/polygon/49", "tints": [{"type": "minecraft:custom_model_data", "default": 16777215}]}}, {"threshold": 0.1953125, "model": {"type": "minecraft:model", "model": "ntils:item/z/sfx/polygon/50", "tints": [{"type": "minecraft:custom_model_data", "default": 16777215}]}}, {"threshold": 0.19921875, "model": {"type": "minecraft:model", "model": "ntils:item/z/sfx/polygon/51", "tints": [{"type": "minecraft:custom_model_data", "default": 16777215}]}}, {"threshold": 0.203125, "model": {"type": "minecraft:model", "model": "ntils:item/z/sfx/polygon/52", "tints": [{"type": "minecraft:custom_model_data", "default": 16777215}]}}, {"threshold": 0.20703125, "model": {"type": "minecraft:model", "model": "ntils:item/z/sfx/polygon/53", "tints": [{"type": "minecraft:custom_model_data", "default": 16777215}]}}, {"threshold": 0.2109375, "model": {"type": "minecraft:model", "model": "ntils:item/z/sfx/polygon/54", "tints": [{"type": "minecraft:custom_model_data", "default": 16777215}]}}, {"threshold": 0.21484375, "model": {"type": "minecraft:model", "model": "ntils:item/z/sfx/polygon/55", "tints": [{"type": "minecraft:custom_model_data", "default": 16777215}]}}, {"threshold": 0.21875, "model": {"type": "minecraft:model", "model": "ntils:item/z/sfx/polygon/56", "tints": [{"type": "minecraft:custom_model_data", "default": 16777215}]}}, {"threshold": 0.22265625, "model": {"type": "minecraft:model", "model": "ntils:item/z/sfx/polygon/57", "tints": [{"type": "minecraft:custom_model_data", "default": 16777215}]}}, {"threshold": 0.2265625, "model": {"type": "minecraft:model", "model": "ntils:item/z/sfx/polygon/58", "tints": [{"type": "minecraft:custom_model_data", "default": 16777215}]}}, {"threshold": 0.23046875, "model": {"type": "minecraft:model", "model": "ntils:item/z/sfx/polygon/59", "tints": [{"type": "minecraft:custom_model_data", "default": 16777215}]}}, {"threshold": 0.234375, "model": {"type": "minecraft:model", "model": "ntils:item/z/sfx/polygon/60", "tints": [{"type": "minecraft:custom_model_data", "default": 16777215}]}}, {"threshold": 0.23828125, "model": {"type": "minecraft:model", "model": "ntils:item/z/sfx/polygon/61", "tints": [{"type": "minecraft:custom_model_data", "default": 16777215}]}}, {"threshold": 0.2421875, "model": {"type": "minecraft:model", "model": "ntils:item/z/sfx/polygon/62", "tints": [{"type": "minecraft:custom_model_data", "default": 16777215}]}}, {"threshold": 0.24609375, "model": {"type": "minecraft:model", "model": "ntils:item/z/sfx/polygon/63", "tints": [{"type": "minecraft:custom_model_data", "default": 16777215}]}}, {"threshold": 0.25, "model": {"type": "minecraft:model", "model": "ntils:item/z/sfx/polygon/64", "tints": [{"type": "minecraft:custom_model_data", "default": 16777215}]}}, {"threshold": 0.25390625, "model": {"type": "minecraft:model", "model": "ntils:item/z/sfx/polygon/65", "tints": [{"type": "minecraft:custom_model_data", "default": 16777215}]}}, {"threshold": 0.2578125, "model": {"type": "minecraft:model", "model": "ntils:item/z/sfx/polygon/66", "tints": [{"type": "minecraft:custom_model_data", "default": 16777215}]}}, {"threshold": 0.26171875, "model": {"type": "minecraft:model", "model": "ntils:item/z/sfx/polygon/67", "tints": [{"type": "minecraft:custom_model_data", "default": 16777215}]}}, {"threshold": 0.265625, "model": {"type": "minecraft:model", "model": "ntils:item/z/sfx/polygon/68", "tints": [{"type": "minecraft:custom_model_data", "default": 16777215}]}}, {"threshold": 0.26953125, "model": {"type": "minecraft:model", "model": "ntils:item/z/sfx/polygon/69", "tints": [{"type": "minecraft:custom_model_data", "default": 16777215}]}}, {"threshold": 0.2734375, "model": {"type": "minecraft:model", "model": "ntils:item/z/sfx/polygon/70", "tints": [{"type": "minecraft:custom_model_data", "default": 16777215}]}}, {"threshold": 0.27734375, "model": {"type": "minecraft:model", "model": "ntils:item/z/sfx/polygon/71", "tints": [{"type": "minecraft:custom_model_data", "default": 16777215}]}}, {"threshold": 0.28125, "model": {"type": "minecraft:model", "model": "ntils:item/z/sfx/polygon/72", "tints": [{"type": "minecraft:custom_model_data", "default": 16777215}]}}, {"threshold": 0.28515625, "model": {"type": "minecraft:model", "model": "ntils:item/z/sfx/polygon/73", "tints": [{"type": "minecraft:custom_model_data", "default": 16777215}]}}, {"threshold": 0.2890625, "model": {"type": "minecraft:model", "model": "ntils:item/z/sfx/polygon/74", "tints": [{"type": "minecraft:custom_model_data", "default": 16777215}]}}, {"threshold": 0.29296875, "model": {"type": "minecraft:model", "model": "ntils:item/z/sfx/polygon/75", "tints": [{"type": "minecraft:custom_model_data", "default": 16777215}]}}, {"threshold": 0.296875, "model": {"type": "minecraft:model", "model": "ntils:item/z/sfx/polygon/76", "tints": [{"type": "minecraft:custom_model_data", "default": 16777215}]}}, {"threshold": 0.30078125, "model": {"type": "minecraft:model", "model": "ntils:item/z/sfx/polygon/77", "tints": [{"type": "minecraft:custom_model_data", "default": 16777215}]}}, {"threshold": 0.3046875, "model": {"type": "minecraft:model", "model": "ntils:item/z/sfx/polygon/78", "tints": [{"type": "minecraft:custom_model_data", "default": 16777215}]}}, {"threshold": 0.30859375, "model": {"type": "minecraft:model", "model": "ntils:item/z/sfx/polygon/79", "tints": [{"type": "minecraft:custom_model_data", "default": 16777215}]}}, {"threshold": 0.3125, "model": {"type": "minecraft:model", "model": "ntils:item/z/sfx/polygon/80", "tints": [{"type": "minecraft:custom_model_data", "default": 16777215}]}}, {"threshold": 0.31640625, "model": {"type": "minecraft:model", "model": "ntils:item/z/sfx/polygon/81", "tints": [{"type": "minecraft:custom_model_data", "default": 16777215}]}}, {"threshold": 0.3203125, "model": {"type": "minecraft:model", "model": "ntils:item/z/sfx/polygon/82", "tints": [{"type": "minecraft:custom_model_data", "default": 16777215}]}}, {"threshold": 0.32421875, "model": {"type": "minecraft:model", "model": "ntils:item/z/sfx/polygon/83", "tints": [{"type": "minecraft:custom_model_data", "default": 16777215}]}}, {"threshold": 0.328125, "model": {"type": "minecraft:model", "model": "ntils:item/z/sfx/polygon/84", "tints": [{"type": "minecraft:custom_model_data", "default": 16777215}]}}, {"threshold": 0.33203125, "model": {"type": "minecraft:model", "model": "ntils:item/z/sfx/polygon/85", "tints": [{"type": "minecraft:custom_model_data", "default": 16777215}]}}, {"threshold": 0.3359375, "model": {"type": "minecraft:model", "model": "ntils:item/z/sfx/polygon/86", "tints": [{"type": "minecraft:custom_model_data", "default": 16777215}]}}, {"threshold": 0.33984375, "model": {"type": "minecraft:model", "model": "ntils:item/z/sfx/polygon/87", "tints": [{"type": "minecraft:custom_model_data", "default": 16777215}]}}, {"threshold": 0.34375, "model": {"type": "minecraft:model", "model": "ntils:item/z/sfx/polygon/88", "tints": [{"type": "minecraft:custom_model_data", "default": 16777215}]}}, {"threshold": 0.34765625, "model": {"type": "minecraft:model", "model": "ntils:item/z/sfx/polygon/89", "tints": [{"type": "minecraft:custom_model_data", "default": 16777215}]}}, {"threshold": 0.3515625, "model": {"type": "minecraft:model", "model": "ntils:item/z/sfx/polygon/90", "tints": [{"type": "minecraft:custom_model_data", "default": 16777215}]}}, {"threshold": 0.35546875, "model": {"type": "minecraft:model", "model": "ntils:item/z/sfx/polygon/91", "tints": [{"type": "minecraft:custom_model_data", "default": 16777215}]}}, {"threshold": 0.359375, "model": {"type": "minecraft:model", "model": "ntils:item/z/sfx/polygon/92", "tints": [{"type": "minecraft:custom_model_data", "default": 16777215}]}}, {"threshold": 0.36328125, "model": {"type": "minecraft:model", "model": "ntils:item/z/sfx/polygon/93", "tints": [{"type": "minecraft:custom_model_data", "default": 16777215}]}}, {"threshold": 0.3671875, "model": {"type": "minecraft:model", "model": "ntils:item/z/sfx/polygon/94", "tints": [{"type": "minecraft:custom_model_data", "default": 16777215}]}}, {"threshold": 0.37109375, "model": {"type": "minecraft:model", "model": "ntils:item/z/sfx/polygon/95", "tints": [{"type": "minecraft:custom_model_data", "default": 16777215}]}}, {"threshold": 0.375, "model": {"type": "minecraft:model", "model": "ntils:item/z/sfx/polygon/96", "tints": [{"type": "minecraft:custom_model_data", "default": 16777215}]}}, {"threshold": 0.37890625, "model": {"type": "minecraft:model", "model": "ntils:item/z/sfx/polygon/97", "tints": [{"type": "minecraft:custom_model_data", "default": 16777215}]}}, {"threshold": 0.3828125, "model": {"type": "minecraft:model", "model": "ntils:item/z/sfx/polygon/98", "tints": [{"type": "minecraft:custom_model_data", "default": 16777215}]}}, {"threshold": 0.38671875, "model": {"type": "minecraft:model", "model": "ntils:item/z/sfx/polygon/99", "tints": [{"type": "minecraft:custom_model_data", "default": 16777215}]}}, {"threshold": 0.390625, "model": {"type": "minecraft:model", "model": "ntils:item/z/sfx/polygon/100", "tints": [{"type": "minecraft:custom_model_data", "default": 16777215}]}}, {"threshold": 0.39453125, "model": {"type": "minecraft:model", "model": "ntils:item/z/sfx/polygon/101", "tints": [{"type": "minecraft:custom_model_data", "default": 16777215}]}}, {"threshold": 0.3984375, "model": {"type": "minecraft:model", "model": "ntils:item/z/sfx/polygon/102", "tints": [{"type": "minecraft:custom_model_data", "default": 16777215}]}}, {"threshold": 0.40234375, "model": {"type": "minecraft:model", "model": "ntils:item/z/sfx/polygon/103", "tints": [{"type": "minecraft:custom_model_data", "default": 16777215}]}}, {"threshold": 0.40625, "model": {"type": "minecraft:model", "model": "ntils:item/z/sfx/polygon/104", "tints": [{"type": "minecraft:custom_model_data", "default": 16777215}]}}, {"threshold": 0.41015625, "model": {"type": "minecraft:model", "model": "ntils:item/z/sfx/polygon/105", "tints": [{"type": "minecraft:custom_model_data", "default": 16777215}]}}, {"threshold": 0.4140625, "model": {"type": "minecraft:model", "model": "ntils:item/z/sfx/polygon/106", "tints": [{"type": "minecraft:custom_model_data", "default": 16777215}]}}, {"threshold": 0.41796875, "model": {"type": "minecraft:model", "model": "ntils:item/z/sfx/polygon/107", "tints": [{"type": "minecraft:custom_model_data", "default": 16777215}]}}, {"threshold": 0.421875, "model": {"type": "minecraft:model", "model": "ntils:item/z/sfx/polygon/108", "tints": [{"type": "minecraft:custom_model_data", "default": 16777215}]}}, {"threshold": 0.42578125, "model": {"type": "minecraft:model", "model": "ntils:item/z/sfx/polygon/109", "tints": [{"type": "minecraft:custom_model_data", "default": 16777215}]}}, {"threshold": 0.4296875, "model": {"type": "minecraft:model", "model": "ntils:item/z/sfx/polygon/110", "tints": [{"type": "minecraft:custom_model_data", "default": 16777215}]}}, {"threshold": 0.43359375, "model": {"type": "minecraft:model", "model": "ntils:item/z/sfx/polygon/111", "tints": [{"type": "minecraft:custom_model_data", "default": 16777215}]}}, {"threshold": 0.4375, "model": {"type": "minecraft:model", "model": "ntils:item/z/sfx/polygon/112", "tints": [{"type": "minecraft:custom_model_data", "default": 16777215}]}}, {"threshold": 0.44140625, "model": {"type": "minecraft:model", "model": "ntils:item/z/sfx/polygon/113", "tints": [{"type": "minecraft:custom_model_data", "default": 16777215}]}}, {"threshold": 0.4453125, "model": {"type": "minecraft:model", "model": "ntils:item/z/sfx/polygon/114", "tints": [{"type": "minecraft:custom_model_data", "default": 16777215}]}}, {"threshold": 0.44921875, "model": {"type": "minecraft:model", "model": "ntils:item/z/sfx/polygon/115", "tints": [{"type": "minecraft:custom_model_data", "default": 16777215}]}}, {"threshold": 0.453125, "model": {"type": "minecraft:model", "model": "ntils:item/z/sfx/polygon/116", "tints": [{"type": "minecraft:custom_model_data", "default": 16777215}]}}, {"threshold": 0.45703125, "model": {"type": "minecraft:model", "model": "ntils:item/z/sfx/polygon/117", "tints": [{"type": "minecraft:custom_model_data", "default": 16777215}]}}, {"threshold": 0.4609375, "model": {"type": "minecraft:model", "model": "ntils:item/z/sfx/polygon/118", "tints": [{"type": "minecraft:custom_model_data", "default": 16777215}]}}, {"threshold": 0.46484375, "model": {"type": "minecraft:model", "model": "ntils:item/z/sfx/polygon/119", "tints": [{"type": "minecraft:custom_model_data", "default": 16777215}]}}, {"threshold": 0.46875, "model": {"type": "minecraft:model", "model": "ntils:item/z/sfx/polygon/120", "tints": [{"type": "minecraft:custom_model_data", "default": 16777215}]}}, {"threshold": 0.47265625, "model": {"type": "minecraft:model", "model": "ntils:item/z/sfx/polygon/121", "tints": [{"type": "minecraft:custom_model_data", "default": 16777215}]}}, {"threshold": 0.4765625, "model": {"type": "minecraft:model", "model": "ntils:item/z/sfx/polygon/122", "tints": [{"type": "minecraft:custom_model_data", "default": 16777215}]}}, {"threshold": 0.48046875, "model": {"type": "minecraft:model", "model": "ntils:item/z/sfx/polygon/123", "tints": [{"type": "minecraft:custom_model_data", "default": 16777215}]}}, {"threshold": 0.484375, "model": {"type": "minecraft:model", "model": "ntils:item/z/sfx/polygon/124", "tints": [{"type": "minecraft:custom_model_data", "default": 16777215}]}}, {"threshold": 0.48828125, "model": {"type": "minecraft:model", "model": "ntils:item/z/sfx/polygon/125", "tints": [{"type": "minecraft:custom_model_data", "default": 16777215}]}}, {"threshold": 0.4921875, "model": {"type": "minecraft:model", "model": "ntils:item/z/sfx/polygon/126", "tints": [{"type": "minecraft:custom_model_data", "default": 16777215}]}}, {"threshold": 0.49609375, "model": {"type": "minecraft:model", "model": "ntils:item/z/sfx/polygon/127", "tints": [{"type": "minecraft:custom_model_data", "default": 16777215}]}}, {"threshold": 0.5, "model": {"type": "minecraft:model", "model": "ntils:item/z/sfx/polygon/128", "tints": [{"type": "minecraft:custom_model_data", "default": 16777215}]}}, {"threshold": 0.50390625, "model": {"type": "minecraft:model", "model": "ntils:item/z/sfx/polygon/129", "tints": [{"type": "minecraft:custom_model_data", "default": 16777215}]}}, {"threshold": 0.5078125, "model": {"type": "minecraft:model", "model": "ntils:item/z/sfx/polygon/130", "tints": [{"type": "minecraft:custom_model_data", "default": 16777215}]}}, {"threshold": 0.51171875, "model": {"type": "minecraft:model", "model": "ntils:item/z/sfx/polygon/131", "tints": [{"type": "minecraft:custom_model_data", "default": 16777215}]}}, {"threshold": 0.515625, "model": {"type": "minecraft:model", "model": "ntils:item/z/sfx/polygon/132", "tints": [{"type": "minecraft:custom_model_data", "default": 16777215}]}}, {"threshold": 0.51953125, "model": {"type": "minecraft:model", "model": "ntils:item/z/sfx/polygon/133", "tints": [{"type": "minecraft:custom_model_data", "default": 16777215}]}}, {"threshold": 0.5234375, "model": {"type": "minecraft:model", "model": "ntils:item/z/sfx/polygon/134", "tints": [{"type": "minecraft:custom_model_data", "default": 16777215}]}}, {"threshold": 0.52734375, "model": {"type": "minecraft:model", "model": "ntils:item/z/sfx/polygon/135", "tints": [{"type": "minecraft:custom_model_data", "default": 16777215}]}}, {"threshold": 0.53125, "model": {"type": "minecraft:model", "model": "ntils:item/z/sfx/polygon/136", "tints": [{"type": "minecraft:custom_model_data", "default": 16777215}]}}, {"threshold": 0.53515625, "model": {"type": "minecraft:model", "model": "ntils:item/z/sfx/polygon/137", "tints": [{"type": "minecraft:custom_model_data", "default": 16777215}]}}, {"threshold": 0.5390625, "model": {"type": "minecraft:model", "model": "ntils:item/z/sfx/polygon/138", "tints": [{"type": "minecraft:custom_model_data", "default": 16777215}]}}, {"threshold": 0.54296875, "model": {"type": "minecraft:model", "model": "ntils:item/z/sfx/polygon/139", "tints": [{"type": "minecraft:custom_model_data", "default": 16777215}]}}, {"threshold": 0.546875, "model": {"type": "minecraft:model", "model": "ntils:item/z/sfx/polygon/140", "tints": [{"type": "minecraft:custom_model_data", "default": 16777215}]}}, {"threshold": 0.55078125, "model": {"type": "minecraft:model", "model": "ntils:item/z/sfx/polygon/141", "tints": [{"type": "minecraft:custom_model_data", "default": 16777215}]}}, {"threshold": 0.5546875, "model": {"type": "minecraft:model", "model": "ntils:item/z/sfx/polygon/142", "tints": [{"type": "minecraft:custom_model_data", "default": 16777215}]}}, {"threshold": 0.55859375, "model": {"type": "minecraft:model", "model": "ntils:item/z/sfx/polygon/143", "tints": [{"type": "minecraft:custom_model_data", "default": 16777215}]}}, {"threshold": 0.5625, "model": {"type": "minecraft:model", "model": "ntils:item/z/sfx/polygon/144", "tints": [{"type": "minecraft:custom_model_data", "default": 16777215}]}}, {"threshold": 0.56640625, "model": {"type": "minecraft:model", "model": "ntils:item/z/sfx/polygon/145", "tints": [{"type": "minecraft:custom_model_data", "default": 16777215}]}}, {"threshold": 0.5703125, "model": {"type": "minecraft:model", "model": "ntils:item/z/sfx/polygon/146", "tints": [{"type": "minecraft:custom_model_data", "default": 16777215}]}}, {"threshold": 0.57421875, "model": {"type": "minecraft:model", "model": "ntils:item/z/sfx/polygon/147", "tints": [{"type": "minecraft:custom_model_data", "default": 16777215}]}}, {"threshold": 0.578125, "model": {"type": "minecraft:model", "model": "ntils:item/z/sfx/polygon/148", "tints": [{"type": "minecraft:custom_model_data", "default": 16777215}]}}, {"threshold": 0.58203125, "model": {"type": "minecraft:model", "model": "ntils:item/z/sfx/polygon/149", "tints": [{"type": "minecraft:custom_model_data", "default": 16777215}]}}, {"threshold": 0.5859375, "model": {"type": "minecraft:model", "model": "ntils:item/z/sfx/polygon/150", "tints": [{"type": "minecraft:custom_model_data", "default": 16777215}]}}, {"threshold": 0.58984375, "model": {"type": "minecraft:model", "model": "ntils:item/z/sfx/polygon/151", "tints": [{"type": "minecraft:custom_model_data", "default": 16777215}]}}, {"threshold": 0.59375, "model": {"type": "minecraft:model", "model": "ntils:item/z/sfx/polygon/152", "tints": [{"type": "minecraft:custom_model_data", "default": 16777215}]}}, {"threshold": 0.59765625, "model": {"type": "minecraft:model", "model": "ntils:item/z/sfx/polygon/153", "tints": [{"type": "minecraft:custom_model_data", "default": 16777215}]}}, {"threshold": 0.6015625, "model": {"type": "minecraft:model", "model": "ntils:item/z/sfx/polygon/154", "tints": [{"type": "minecraft:custom_model_data", "default": 16777215}]}}, {"threshold": 0.60546875, "model": {"type": "minecraft:model", "model": "ntils:item/z/sfx/polygon/155", "tints": [{"type": "minecraft:custom_model_data", "default": 16777215}]}}, {"threshold": 0.609375, "model": {"type": "minecraft:model", "model": "ntils:item/z/sfx/polygon/156", "tints": [{"type": "minecraft:custom_model_data", "default": 16777215}]}}, {"threshold": 0.61328125, "model": {"type": "minecraft:model", "model": "ntils:item/z/sfx/polygon/157", "tints": [{"type": "minecraft:custom_model_data", "default": 16777215}]}}, {"threshold": 0.6171875, "model": {"type": "minecraft:model", "model": "ntils:item/z/sfx/polygon/158", "tints": [{"type": "minecraft:custom_model_data", "default": 16777215}]}}, {"threshold": 0.62109375, "model": {"type": "minecraft:model", "model": "ntils:item/z/sfx/polygon/159", "tints": [{"type": "minecraft:custom_model_data", "default": 16777215}]}}, {"threshold": 0.625, "model": {"type": "minecraft:model", "model": "ntils:item/z/sfx/polygon/160", "tints": [{"type": "minecraft:custom_model_data", "default": 16777215}]}}, {"threshold": 0.62890625, "model": {"type": "minecraft:model", "model": "ntils:item/z/sfx/polygon/161", "tints": [{"type": "minecraft:custom_model_data", "default": 16777215}]}}, {"threshold": 0.6328125, "model": {"type": "minecraft:model", "model": "ntils:item/z/sfx/polygon/162", "tints": [{"type": "minecraft:custom_model_data", "default": 16777215}]}}, {"threshold": 0.63671875, "model": {"type": "minecraft:model", "model": "ntils:item/z/sfx/polygon/163", "tints": [{"type": "minecraft:custom_model_data", "default": 16777215}]}}, {"threshold": 0.640625, "model": {"type": "minecraft:model", "model": "ntils:item/z/sfx/polygon/164", "tints": [{"type": "minecraft:custom_model_data", "default": 16777215}]}}, {"threshold": 0.64453125, "model": {"type": "minecraft:model", "model": "ntils:item/z/sfx/polygon/165", "tints": [{"type": "minecraft:custom_model_data", "default": 16777215}]}}, {"threshold": 0.6484375, "model": {"type": "minecraft:model", "model": "ntils:item/z/sfx/polygon/166", "tints": [{"type": "minecraft:custom_model_data", "default": 16777215}]}}, {"threshold": 0.65234375, "model": {"type": "minecraft:model", "model": "ntils:item/z/sfx/polygon/167", "tints": [{"type": "minecraft:custom_model_data", "default": 16777215}]}}, {"threshold": 0.65625, "model": {"type": "minecraft:model", "model": "ntils:item/z/sfx/polygon/168", "tints": [{"type": "minecraft:custom_model_data", "default": 16777215}]}}, {"threshold": 0.66015625, "model": {"type": "minecraft:model", "model": "ntils:item/z/sfx/polygon/169", "tints": [{"type": "minecraft:custom_model_data", "default": 16777215}]}}, {"threshold": 0.6640625, "model": {"type": "minecraft:model", "model": "ntils:item/z/sfx/polygon/170", "tints": [{"type": "minecraft:custom_model_data", "default": 16777215}]}}, {"threshold": 0.66796875, "model": {"type": "minecraft:model", "model": "ntils:item/z/sfx/polygon/171", "tints": [{"type": "minecraft:custom_model_data", "default": 16777215}]}}, {"threshold": 0.671875, "model": {"type": "minecraft:model", "model": "ntils:item/z/sfx/polygon/172", "tints": [{"type": "minecraft:custom_model_data", "default": 16777215}]}}, {"threshold": 0.67578125, "model": {"type": "minecraft:model", "model": "ntils:item/z/sfx/polygon/173", "tints": [{"type": "minecraft:custom_model_data", "default": 16777215}]}}, {"threshold": 0.6796875, "model": {"type": "minecraft:model", "model": "ntils:item/z/sfx/polygon/174", "tints": [{"type": "minecraft:custom_model_data", "default": 16777215}]}}, {"threshold": 0.68359375, "model": {"type": "minecraft:model", "model": "ntils:item/z/sfx/polygon/175", "tints": [{"type": "minecraft:custom_model_data", "default": 16777215}]}}, {"threshold": 0.6875, "model": {"type": "minecraft:model", "model": "ntils:item/z/sfx/polygon/176", "tints": [{"type": "minecraft:custom_model_data", "default": 16777215}]}}, {"threshold": 0.69140625, "model": {"type": "minecraft:model", "model": "ntils:item/z/sfx/polygon/177", "tints": [{"type": "minecraft:custom_model_data", "default": 16777215}]}}, {"threshold": 0.6953125, "model": {"type": "minecraft:model", "model": "ntils:item/z/sfx/polygon/178", "tints": [{"type": "minecraft:custom_model_data", "default": 16777215}]}}, {"threshold": 0.69921875, "model": {"type": "minecraft:model", "model": "ntils:item/z/sfx/polygon/179", "tints": [{"type": "minecraft:custom_model_data", "default": 16777215}]}}, {"threshold": 0.703125, "model": {"type": "minecraft:model", "model": "ntils:item/z/sfx/polygon/180", "tints": [{"type": "minecraft:custom_model_data", "default": 16777215}]}}, {"threshold": 0.70703125, "model": {"type": "minecraft:model", "model": "ntils:item/z/sfx/polygon/181", "tints": [{"type": "minecraft:custom_model_data", "default": 16777215}]}}, {"threshold": 0.7109375, "model": {"type": "minecraft:model", "model": "ntils:item/z/sfx/polygon/182", "tints": [{"type": "minecraft:custom_model_data", "default": 16777215}]}}, {"threshold": 0.71484375, "model": {"type": "minecraft:model", "model": "ntils:item/z/sfx/polygon/183", "tints": [{"type": "minecraft:custom_model_data", "default": 16777215}]}}, {"threshold": 0.71875, "model": {"type": "minecraft:model", "model": "ntils:item/z/sfx/polygon/184", "tints": [{"type": "minecraft:custom_model_data", "default": 16777215}]}}, {"threshold": 0.72265625, "model": {"type": "minecraft:model", "model": "ntils:item/z/sfx/polygon/185", "tints": [{"type": "minecraft:custom_model_data", "default": 16777215}]}}, {"threshold": 0.7265625, "model": {"type": "minecraft:model", "model": "ntils:item/z/sfx/polygon/186", "tints": [{"type": "minecraft:custom_model_data", "default": 16777215}]}}, {"threshold": 0.73046875, "model": {"type": "minecraft:model", "model": "ntils:item/z/sfx/polygon/187", "tints": [{"type": "minecraft:custom_model_data", "default": 16777215}]}}, {"threshold": 0.734375, "model": {"type": "minecraft:model", "model": "ntils:item/z/sfx/polygon/188", "tints": [{"type": "minecraft:custom_model_data", "default": 16777215}]}}, {"threshold": 0.73828125, "model": {"type": "minecraft:model", "model": "ntils:item/z/sfx/polygon/189", "tints": [{"type": "minecraft:custom_model_data", "default": 16777215}]}}, {"threshold": 0.7421875, "model": {"type": "minecraft:model", "model": "ntils:item/z/sfx/polygon/190", "tints": [{"type": "minecraft:custom_model_data", "default": 16777215}]}}, {"threshold": 0.74609375, "model": {"type": "minecraft:model", "model": "ntils:item/z/sfx/polygon/191", "tints": [{"type": "minecraft:custom_model_data", "default": 16777215}]}}, {"threshold": 0.75, "model": {"type": "minecraft:model", "model": "ntils:item/z/sfx/polygon/192", "tints": [{"type": "minecraft:custom_model_data", "default": 16777215}]}}, {"threshold": 0.75390625, "model": {"type": "minecraft:model", "model": "ntils:item/z/sfx/polygon/193", "tints": [{"type": "minecraft:custom_model_data", "default": 16777215}]}}, {"threshold": 0.7578125, "model": {"type": "minecraft:model", "model": "ntils:item/z/sfx/polygon/194", "tints": [{"type": "minecraft:custom_model_data", "default": 16777215}]}}, {"threshold": 0.76171875, "model": {"type": "minecraft:model", "model": "ntils:item/z/sfx/polygon/195", "tints": [{"type": "minecraft:custom_model_data", "default": 16777215}]}}, {"threshold": 0.765625, "model": {"type": "minecraft:model", "model": "ntils:item/z/sfx/polygon/196", "tints": [{"type": "minecraft:custom_model_data", "default": 16777215}]}}, {"threshold": 0.76953125, "model": {"type": "minecraft:model", "model": "ntils:item/z/sfx/polygon/197", "tints": [{"type": "minecraft:custom_model_data", "default": 16777215}]}}, {"threshold": 0.7734375, "model": {"type": "minecraft:model", "model": "ntils:item/z/sfx/polygon/198", "tints": [{"type": "minecraft:custom_model_data", "default": 16777215}]}}, {"threshold": 0.77734375, "model": {"type": "minecraft:model", "model": "ntils:item/z/sfx/polygon/199", "tints": [{"type": "minecraft:custom_model_data", "default": 16777215}]}}, {"threshold": 0.78125, "model": {"type": "minecraft:model", "model": "ntils:item/z/sfx/polygon/200", "tints": [{"type": "minecraft:custom_model_data", "default": 16777215}]}}, {"threshold": 0.78515625, "model": {"type": "minecraft:model", "model": "ntils:item/z/sfx/polygon/201", "tints": [{"type": "minecraft:custom_model_data", "default": 16777215}]}}, {"threshold": 0.7890625, "model": {"type": "minecraft:model", "model": "ntils:item/z/sfx/polygon/202", "tints": [{"type": "minecraft:custom_model_data", "default": 16777215}]}}, {"threshold": 0.79296875, "model": {"type": "minecraft:model", "model": "ntils:item/z/sfx/polygon/203", "tints": [{"type": "minecraft:custom_model_data", "default": 16777215}]}}, {"threshold": 0.796875, "model": {"type": "minecraft:model", "model": "ntils:item/z/sfx/polygon/204", "tints": [{"type": "minecraft:custom_model_data", "default": 16777215}]}}, {"threshold": 0.80078125, "model": {"type": "minecraft:model", "model": "ntils:item/z/sfx/polygon/205", "tints": [{"type": "minecraft:custom_model_data", "default": 16777215}]}}, {"threshold": 0.8046875, "model": {"type": "minecraft:model", "model": "ntils:item/z/sfx/polygon/206", "tints": [{"type": "minecraft:custom_model_data", "default": 16777215}]}}, {"threshold": 0.80859375, "model": {"type": "minecraft:model", "model": "ntils:item/z/sfx/polygon/207", "tints": [{"type": "minecraft:custom_model_data", "default": 16777215}]}}, {"threshold": 0.8125, "model": {"type": "minecraft:model", "model": "ntils:item/z/sfx/polygon/208", "tints": [{"type": "minecraft:custom_model_data", "default": 16777215}]}}, {"threshold": 0.81640625, "model": {"type": "minecraft:model", "model": "ntils:item/z/sfx/polygon/209", "tints": [{"type": "minecraft:custom_model_data", "default": 16777215}]}}, {"threshold": 0.8203125, "model": {"type": "minecraft:model", "model": "ntils:item/z/sfx/polygon/210", "tints": [{"type": "minecraft:custom_model_data", "default": 16777215}]}}, {"threshold": 0.82421875, "model": {"type": "minecraft:model", "model": "ntils:item/z/sfx/polygon/211", "tints": [{"type": "minecraft:custom_model_data", "default": 16777215}]}}, {"threshold": 0.828125, "model": {"type": "minecraft:model", "model": "ntils:item/z/sfx/polygon/212", "tints": [{"type": "minecraft:custom_model_data", "default": 16777215}]}}, {"threshold": 0.83203125, "model": {"type": "minecraft:model", "model": "ntils:item/z/sfx/polygon/213", "tints": [{"type": "minecraft:custom_model_data", "default": 16777215}]}}, {"threshold": 0.8359375, "model": {"type": "minecraft:model", "model": "ntils:item/z/sfx/polygon/214", "tints": [{"type": "minecraft:custom_model_data", "default": 16777215}]}}, {"threshold": 0.83984375, "model": {"type": "minecraft:model", "model": "ntils:item/z/sfx/polygon/215", "tints": [{"type": "minecraft:custom_model_data", "default": 16777215}]}}, {"threshold": 0.84375, "model": {"type": "minecraft:model", "model": "ntils:item/z/sfx/polygon/216", "tints": [{"type": "minecraft:custom_model_data", "default": 16777215}]}}, {"threshold": 0.84765625, "model": {"type": "minecraft:model", "model": "ntils:item/z/sfx/polygon/217", "tints": [{"type": "minecraft:custom_model_data", "default": 16777215}]}}, {"threshold": 0.8515625, "model": {"type": "minecraft:model", "model": "ntils:item/z/sfx/polygon/218", "tints": [{"type": "minecraft:custom_model_data", "default": 16777215}]}}, {"threshold": 0.85546875, "model": {"type": "minecraft:model", "model": "ntils:item/z/sfx/polygon/219", "tints": [{"type": "minecraft:custom_model_data", "default": 16777215}]}}, {"threshold": 0.859375, "model": {"type": "minecraft:model", "model": "ntils:item/z/sfx/polygon/220", "tints": [{"type": "minecraft:custom_model_data", "default": 16777215}]}}, {"threshold": 0.86328125, "model": {"type": "minecraft:model", "model": "ntils:item/z/sfx/polygon/221", "tints": [{"type": "minecraft:custom_model_data", "default": 16777215}]}}, {"threshold": 0.8671875, "model": {"type": "minecraft:model", "model": "ntils:item/z/sfx/polygon/222", "tints": [{"type": "minecraft:custom_model_data", "default": 16777215}]}}, {"threshold": 0.87109375, "model": {"type": "minecraft:model", "model": "ntils:item/z/sfx/polygon/223", "tints": [{"type": "minecraft:custom_model_data", "default": 16777215}]}}, {"threshold": 0.875, "model": {"type": "minecraft:model", "model": "ntils:item/z/sfx/polygon/224", "tints": [{"type": "minecraft:custom_model_data", "default": 16777215}]}}, {"threshold": 0.87890625, "model": {"type": "minecraft:model", "model": "ntils:item/z/sfx/polygon/225", "tints": [{"type": "minecraft:custom_model_data", "default": 16777215}]}}, {"threshold": 0.8828125, "model": {"type": "minecraft:model", "model": "ntils:item/z/sfx/polygon/226", "tints": [{"type": "minecraft:custom_model_data", "default": 16777215}]}}, {"threshold": 0.88671875, "model": {"type": "minecraft:model", "model": "ntils:item/z/sfx/polygon/227", "tints": [{"type": "minecraft:custom_model_data", "default": 16777215}]}}, {"threshold": 0.890625, "model": {"type": "minecraft:model", "model": "ntils:item/z/sfx/polygon/228", "tints": [{"type": "minecraft:custom_model_data", "default": 16777215}]}}, {"threshold": 0.89453125, "model": {"type": "minecraft:model", "model": "ntils:item/z/sfx/polygon/229", "tints": [{"type": "minecraft:custom_model_data", "default": 16777215}]}}, {"threshold": 0.8984375, "model": {"type": "minecraft:model", "model": "ntils:item/z/sfx/polygon/230", "tints": [{"type": "minecraft:custom_model_data", "default": 16777215}]}}, {"threshold": 0.90234375, "model": {"type": "minecraft:model", "model": "ntils:item/z/sfx/polygon/231", "tints": [{"type": "minecraft:custom_model_data", "default": 16777215}]}}, {"threshold": 0.90625, "model": {"type": "minecraft:model", "model": "ntils:item/z/sfx/polygon/232", "tints": [{"type": "minecraft:custom_model_data", "default": 16777215}]}}, {"threshold": 0.91015625, "model": {"type": "minecraft:model", "model": "ntils:item/z/sfx/polygon/233", "tints": [{"type": "minecraft:custom_model_data", "default": 16777215}]}}, {"threshold": 0.9140625, "model": {"type": "minecraft:model", "model": "ntils:item/z/sfx/polygon/234", "tints": [{"type": "minecraft:custom_model_data", "default": 16777215}]}}, {"threshold": 0.91796875, "model": {"type": "minecraft:model", "model": "ntils:item/z/sfx/polygon/235", "tints": [{"type": "minecraft:custom_model_data", "default": 16777215}]}}, {"threshold": 0.921875, "model": {"type": "minecraft:model", "model": "ntils:item/z/sfx/polygon/236", "tints": [{"type": "minecraft:custom_model_data", "default": 16777215}]}}, {"threshold": 0.92578125, "model": {"type": "minecraft:model", "model": "ntils:item/z/sfx/polygon/237", "tints": [{"type": "minecraft:custom_model_data", "default": 16777215}]}}, {"threshold": 0.9296875, "model": {"type": "minecraft:model", "model": "ntils:item/z/sfx/polygon/238", "tints": [{"type": "minecraft:custom_model_data", "default": 16777215}]}}, {"threshold": 0.93359375, "model": {"type": "minecraft:model", "model": "ntils:item/z/sfx/polygon/239", "tints": [{"type": "minecraft:custom_model_data", "default": 16777215}]}}, {"threshold": 0.9375, "model": {"type": "minecraft:model", "model": "ntils:item/z/sfx/polygon/240", "tints": [{"type": "minecraft:custom_model_data", "default": 16777215}]}}, {"threshold": 0.94140625, "model": {"type": "minecraft:model", "model": "ntils:item/z/sfx/polygon/241", "tints": [{"type": "minecraft:custom_model_data", "default": 16777215}]}}, {"threshold": 0.9453125, "model": {"type": "minecraft:model", "model": "ntils:item/z/sfx/polygon/242", "tints": [{"type": "minecraft:custom_model_data", "default": 16777215}]}}, {"threshold": 0.94921875, "model": {"type": "minecraft:model", "model": "ntils:item/z/sfx/polygon/243", "tints": [{"type": "minecraft:custom_model_data", "default": 16777215}]}}, {"threshold": 0.953125, "model": {"type": "minecraft:model", "model": "ntils:item/z/sfx/polygon/244", "tints": [{"type": "minecraft:custom_model_data", "default": 16777215}]}}, {"threshold": 0.95703125, "model": {"type": "minecraft:model", "model": "ntils:item/z/sfx/polygon/245", "tints": [{"type": "minecraft:custom_model_data", "default": 16777215}]}}, {"threshold": 0.9609375, "model": {"type": "minecraft:model", "model": "ntils:item/z/sfx/polygon/246", "tints": [{"type": "minecraft:custom_model_data", "default": 16777215}]}}, {"threshold": 0.96484375, "model": {"type": "minecraft:model", "model": "ntils:item/z/sfx/polygon/247", "tints": [{"type": "minecraft:custom_model_data", "default": 16777215}]}}, {"threshold": 0.96875, "model": {"type": "minecraft:model", "model": "ntils:item/z/sfx/polygon/248", "tints": [{"type": "minecraft:custom_model_data", "default": 16777215}]}}, {"threshold": 0.97265625, "model": {"type": "minecraft:model", "model": "ntils:item/z/sfx/polygon/249", "tints": [{"type": "minecraft:custom_model_data", "default": 16777215}]}}, {"threshold": 0.9765625, "model": {"type": "minecraft:model", "model": "ntils:item/z/sfx/polygon/250", "tints": [{"type": "minecraft:custom_model_data", "default": 16777215}]}}, {"threshold": 0.98046875, "model": {"type": "minecraft:model", "model": "ntils:item/z/sfx/polygon/251", "tints": [{"type": "minecraft:custom_model_data", "default": 16777215}]}}, {"threshold": 0.984375, "model": {"type": "minecraft:model", "model": "ntils:item/z/sfx/polygon/252", "tints": [{"type": "minecraft:custom_model_data", "default": 16777215}]}}, {"threshold": 0.98828125, "model": {"type": "minecraft:model", "model": "ntils:item/z/sfx/polygon/253", "tints": [{"type": "minecraft:custom_model_data", "default": 16777215}]}}, {"threshold": 0.9921875, "model": {"type": "minecraft:model", "model": "ntils:item/z/sfx/polygon/254", "tints": [{"type": "minecraft:custom_model_data", "default": 16777215}]}}, {"threshold": 0.99609375, "model": {"type": "minecraft:model", "model": "ntils:item/z/sfx/polygon/255", "tints": [{"type": "minecraft:custom_model_data", "default": 16777215}]}}], "fallback": {"type": "minecraft:model", "model": "ntils:item/z/sfx/polygon/255", "tints": [{"type": "minecraft:custom_model_data", "default": 16777215}]}}}