{"model": {"type": "minecraft:range_dispatch", "property": "minecraft:custom_model_data", "entries": [{"threshold": 0.0001, "model": {"type": "minecraft:empty"}}, {"threshold": 0.09765625, "model": {"type": "minecraft:model", "model": "ntils:item/z/sfx/invcube/center/25", "tints": [{"type": "minecraft:custom_model_data", "default": 16777215}]}}, {"threshold": 0.1015625, "model": {"type": "minecraft:model", "model": "ntils:item/z/sfx/invcube/center/26", "tints": [{"type": "minecraft:custom_model_data", "default": 16777215}]}}, {"threshold": 0.10546875, "model": {"type": "minecraft:model", "model": "ntils:item/z/sfx/invcube/center/27", "tints": [{"type": "minecraft:custom_model_data", "default": 16777215}]}}, {"threshold": 0.109375, "model": {"type": "minecraft:model", "model": "ntils:item/z/sfx/invcube/center/28", "tints": [{"type": "minecraft:custom_model_data", "default": 16777215}]}}, {"threshold": 0.11328125, "model": {"type": "minecraft:model", "model": "ntils:item/z/sfx/invcube/center/29", "tints": [{"type": "minecraft:custom_model_data", "default": 16777215}]}}, {"threshold": 0.1171875, "model": {"type": "minecraft:model", "model": "ntils:item/z/sfx/invcube/center/30", "tints": [{"type": "minecraft:custom_model_data", "default": 16777215}]}}, {"threshold": 0.12109375, "model": {"type": "minecraft:model", "model": "ntils:item/z/sfx/invcube/center/31", "tints": [{"type": "minecraft:custom_model_data", "default": 16777215}]}}, {"threshold": 0.125, "model": {"type": "minecraft:model", "model": "ntils:item/z/sfx/invcube/center/32", "tints": [{"type": "minecraft:custom_model_data", "default": 16777215}]}}, {"threshold": 0.12890625, "model": {"type": "minecraft:model", "model": "ntils:item/z/sfx/invcube/center/33", "tints": [{"type": "minecraft:custom_model_data", "default": 16777215}]}}, {"threshold": 0.1328125, "model": {"type": "minecraft:model", "model": "ntils:item/z/sfx/invcube/center/34", "tints": [{"type": "minecraft:custom_model_data", "default": 16777215}]}}, {"threshold": 0.13671875, "model": {"type": "minecraft:model", "model": "ntils:item/z/sfx/invcube/center/35", "tints": [{"type": "minecraft:custom_model_data", "default": 16777215}]}}, {"threshold": 0.140625, "model": {"type": "minecraft:model", "model": "ntils:item/z/sfx/invcube/center/36", "tints": [{"type": "minecraft:custom_model_data", "default": 16777215}]}}, {"threshold": 0.14453125, "model": {"type": "minecraft:model", "model": "ntils:item/z/sfx/invcube/center/37", "tints": [{"type": "minecraft:custom_model_data", "default": 16777215}]}}, {"threshold": 0.1484375, "model": {"type": "minecraft:model", "model": "ntils:item/z/sfx/invcube/center/38", "tints": [{"type": "minecraft:custom_model_data", "default": 16777215}]}}, {"threshold": 0.15234375, "model": {"type": "minecraft:model", "model": "ntils:item/z/sfx/invcube/center/39", "tints": [{"type": "minecraft:custom_model_data", "default": 16777215}]}}, {"threshold": 0.15625, "model": {"type": "minecraft:model", "model": "ntils:item/z/sfx/invcube/center/40", "tints": [{"type": "minecraft:custom_model_data", "default": 16777215}]}}, {"threshold": 0.16015625, "model": {"type": "minecraft:model", "model": "ntils:item/z/sfx/invcube/center/41", "tints": [{"type": "minecraft:custom_model_data", "default": 16777215}]}}, {"threshold": 0.1640625, "model": {"type": "minecraft:model", "model": "ntils:item/z/sfx/invcube/center/42", "tints": [{"type": "minecraft:custom_model_data", "default": 16777215}]}}, {"threshold": 0.16796875, "model": {"type": "minecraft:model", "model": "ntils:item/z/sfx/invcube/center/43", "tints": [{"type": "minecraft:custom_model_data", "default": 16777215}]}}, {"threshold": 0.171875, "model": {"type": "minecraft:model", "model": "ntils:item/z/sfx/invcube/center/44", "tints": [{"type": "minecraft:custom_model_data", "default": 16777215}]}}, {"threshold": 0.17578125, "model": {"type": "minecraft:model", "model": "ntils:item/z/sfx/invcube/center/45", "tints": [{"type": "minecraft:custom_model_data", "default": 16777215}]}}, {"threshold": 0.1796875, "model": {"type": "minecraft:model", "model": "ntils:item/z/sfx/invcube/center/46", "tints": [{"type": "minecraft:custom_model_data", "default": 16777215}]}}, {"threshold": 0.18359375, "model": {"type": "minecraft:model", "model": "ntils:item/z/sfx/invcube/center/47", "tints": [{"type": "minecraft:custom_model_data", "default": 16777215}]}}, {"threshold": 0.1875, "model": {"type": "minecraft:model", "model": "ntils:item/z/sfx/invcube/center/48", "tints": [{"type": "minecraft:custom_model_data", "default": 16777215}]}}, {"threshold": 0.19140625, "model": {"type": "minecraft:model", "model": "ntils:item/z/sfx/invcube/center/49", "tints": [{"type": "minecraft:custom_model_data", "default": 16777215}]}}, {"threshold": 0.1953125, "model": {"type": "minecraft:model", "model": "ntils:item/z/sfx/invcube/center/50", "tints": [{"type": "minecraft:custom_model_data", "default": 16777215}]}}, {"threshold": 0.19921875, "model": {"type": "minecraft:model", "model": "ntils:item/z/sfx/invcube/center/51", "tints": [{"type": "minecraft:custom_model_data", "default": 16777215}]}}, {"threshold": 0.203125, "model": {"type": "minecraft:model", "model": "ntils:item/z/sfx/invcube/center/52", "tints": [{"type": "minecraft:custom_model_data", "default": 16777215}]}}, {"threshold": 0.20703125, "model": {"type": "minecraft:model", "model": "ntils:item/z/sfx/invcube/center/53", "tints": [{"type": "minecraft:custom_model_data", "default": 16777215}]}}, {"threshold": 0.2109375, "model": {"type": "minecraft:model", "model": "ntils:item/z/sfx/invcube/center/54", "tints": [{"type": "minecraft:custom_model_data", "default": 16777215}]}}, {"threshold": 0.21484375, "model": {"type": "minecraft:model", "model": "ntils:item/z/sfx/invcube/center/55", "tints": [{"type": "minecraft:custom_model_data", "default": 16777215}]}}, {"threshold": 0.21875, "model": {"type": "minecraft:model", "model": "ntils:item/z/sfx/invcube/center/56", "tints": [{"type": "minecraft:custom_model_data", "default": 16777215}]}}, {"threshold": 0.22265625, "model": {"type": "minecraft:model", "model": "ntils:item/z/sfx/invcube/center/57", "tints": [{"type": "minecraft:custom_model_data", "default": 16777215}]}}, {"threshold": 0.2265625, "model": {"type": "minecraft:model", "model": "ntils:item/z/sfx/invcube/center/58", "tints": [{"type": "minecraft:custom_model_data", "default": 16777215}]}}, {"threshold": 0.23046875, "model": {"type": "minecraft:model", "model": "ntils:item/z/sfx/invcube/center/59", "tints": [{"type": "minecraft:custom_model_data", "default": 16777215}]}}, {"threshold": 0.234375, "model": {"type": "minecraft:model", "model": "ntils:item/z/sfx/invcube/center/60", "tints": [{"type": "minecraft:custom_model_data", "default": 16777215}]}}, {"threshold": 0.23828125, "model": {"type": "minecraft:model", "model": "ntils:item/z/sfx/invcube/center/61", "tints": [{"type": "minecraft:custom_model_data", "default": 16777215}]}}, {"threshold": 0.2421875, "model": {"type": "minecraft:model", "model": "ntils:item/z/sfx/invcube/center/62", "tints": [{"type": "minecraft:custom_model_data", "default": 16777215}]}}, {"threshold": 0.24609375, "model": {"type": "minecraft:model", "model": "ntils:item/z/sfx/invcube/center/63", "tints": [{"type": "minecraft:custom_model_data", "default": 16777215}]}}, {"threshold": 0.25, "model": {"type": "minecraft:model", "model": "ntils:item/z/sfx/invcube/center/64", "tints": [{"type": "minecraft:custom_model_data", "default": 16777215}]}}, {"threshold": 0.25390625, "model": {"type": "minecraft:model", "model": "ntils:item/z/sfx/invcube/center/65", "tints": [{"type": "minecraft:custom_model_data", "default": 16777215}]}}, {"threshold": 0.2578125, "model": {"type": "minecraft:model", "model": "ntils:item/z/sfx/invcube/center/66", "tints": [{"type": "minecraft:custom_model_data", "default": 16777215}]}}, {"threshold": 0.26171875, "model": {"type": "minecraft:model", "model": "ntils:item/z/sfx/invcube/center/67", "tints": [{"type": "minecraft:custom_model_data", "default": 16777215}]}}, {"threshold": 0.265625, "model": {"type": "minecraft:model", "model": "ntils:item/z/sfx/invcube/center/68", "tints": [{"type": "minecraft:custom_model_data", "default": 16777215}]}}, {"threshold": 0.26953125, "model": {"type": "minecraft:model", "model": "ntils:item/z/sfx/invcube/center/69", "tints": [{"type": "minecraft:custom_model_data", "default": 16777215}]}}, {"threshold": 0.2734375, "model": {"type": "minecraft:model", "model": "ntils:item/z/sfx/invcube/center/70", "tints": [{"type": "minecraft:custom_model_data", "default": 16777215}]}}, {"threshold": 0.27734375, "model": {"type": "minecraft:model", "model": "ntils:item/z/sfx/invcube/center/71", "tints": [{"type": "minecraft:custom_model_data", "default": 16777215}]}}, {"threshold": 0.28125, "model": {"type": "minecraft:model", "model": "ntils:item/z/sfx/invcube/center/72", "tints": [{"type": "minecraft:custom_model_data", "default": 16777215}]}}, {"threshold": 0.28515625, "model": {"type": "minecraft:model", "model": "ntils:item/z/sfx/invcube/center/73", "tints": [{"type": "minecraft:custom_model_data", "default": 16777215}]}}, {"threshold": 0.2890625, "model": {"type": "minecraft:model", "model": "ntils:item/z/sfx/invcube/center/74", "tints": [{"type": "minecraft:custom_model_data", "default": 16777215}]}}, {"threshold": 0.29296875, "model": {"type": "minecraft:model", "model": "ntils:item/z/sfx/invcube/center/75", "tints": [{"type": "minecraft:custom_model_data", "default": 16777215}]}}, {"threshold": 0.296875, "model": {"type": "minecraft:model", "model": "ntils:item/z/sfx/invcube/center/76", "tints": [{"type": "minecraft:custom_model_data", "default": 16777215}]}}, {"threshold": 0.30078125, "model": {"type": "minecraft:model", "model": "ntils:item/z/sfx/invcube/center/77", "tints": [{"type": "minecraft:custom_model_data", "default": 16777215}]}}, {"threshold": 0.3046875, "model": {"type": "minecraft:model", "model": "ntils:item/z/sfx/invcube/center/78", "tints": [{"type": "minecraft:custom_model_data", "default": 16777215}]}}, {"threshold": 0.30859375, "model": {"type": "minecraft:model", "model": "ntils:item/z/sfx/invcube/center/79", "tints": [{"type": "minecraft:custom_model_data", "default": 16777215}]}}, {"threshold": 0.3125, "model": {"type": "minecraft:model", "model": "ntils:item/z/sfx/invcube/center/80", "tints": [{"type": "minecraft:custom_model_data", "default": 16777215}]}}, {"threshold": 0.31640625, "model": {"type": "minecraft:model", "model": "ntils:item/z/sfx/invcube/center/81", "tints": [{"type": "minecraft:custom_model_data", "default": 16777215}]}}, {"threshold": 0.3203125, "model": {"type": "minecraft:model", "model": "ntils:item/z/sfx/invcube/center/82", "tints": [{"type": "minecraft:custom_model_data", "default": 16777215}]}}, {"threshold": 0.32421875, "model": {"type": "minecraft:model", "model": "ntils:item/z/sfx/invcube/center/83", "tints": [{"type": "minecraft:custom_model_data", "default": 16777215}]}}, {"threshold": 0.328125, "model": {"type": "minecraft:model", "model": "ntils:item/z/sfx/invcube/center/84", "tints": [{"type": "minecraft:custom_model_data", "default": 16777215}]}}, {"threshold": 0.33203125, "model": {"type": "minecraft:model", "model": "ntils:item/z/sfx/invcube/center/85", "tints": [{"type": "minecraft:custom_model_data", "default": 16777215}]}}, {"threshold": 0.3359375, "model": {"type": "minecraft:model", "model": "ntils:item/z/sfx/invcube/center/86", "tints": [{"type": "minecraft:custom_model_data", "default": 16777215}]}}, {"threshold": 0.33984375, "model": {"type": "minecraft:model", "model": "ntils:item/z/sfx/invcube/center/87", "tints": [{"type": "minecraft:custom_model_data", "default": 16777215}]}}, {"threshold": 0.34375, "model": {"type": "minecraft:model", "model": "ntils:item/z/sfx/invcube/center/88", "tints": [{"type": "minecraft:custom_model_data", "default": 16777215}]}}, {"threshold": 0.34765625, "model": {"type": "minecraft:model", "model": "ntils:item/z/sfx/invcube/center/89", "tints": [{"type": "minecraft:custom_model_data", "default": 16777215}]}}, {"threshold": 0.3515625, "model": {"type": "minecraft:model", "model": "ntils:item/z/sfx/invcube/center/90", "tints": [{"type": "minecraft:custom_model_data", "default": 16777215}]}}, {"threshold": 0.35546875, "model": {"type": "minecraft:model", "model": "ntils:item/z/sfx/invcube/center/91", "tints": [{"type": "minecraft:custom_model_data", "default": 16777215}]}}, {"threshold": 0.359375, "model": {"type": "minecraft:model", "model": "ntils:item/z/sfx/invcube/center/92", "tints": [{"type": "minecraft:custom_model_data", "default": 16777215}]}}, {"threshold": 0.36328125, "model": {"type": "minecraft:model", "model": "ntils:item/z/sfx/invcube/center/93", "tints": [{"type": "minecraft:custom_model_data", "default": 16777215}]}}, {"threshold": 0.3671875, "model": {"type": "minecraft:model", "model": "ntils:item/z/sfx/invcube/center/94", "tints": [{"type": "minecraft:custom_model_data", "default": 16777215}]}}, {"threshold": 0.37109375, "model": {"type": "minecraft:model", "model": "ntils:item/z/sfx/invcube/center/95", "tints": [{"type": "minecraft:custom_model_data", "default": 16777215}]}}, {"threshold": 0.375, "model": {"type": "minecraft:model", "model": "ntils:item/z/sfx/invcube/center/96", "tints": [{"type": "minecraft:custom_model_data", "default": 16777215}]}}, {"threshold": 0.37890625, "model": {"type": "minecraft:model", "model": "ntils:item/z/sfx/invcube/center/97", "tints": [{"type": "minecraft:custom_model_data", "default": 16777215}]}}, {"threshold": 0.3828125, "model": {"type": "minecraft:model", "model": "ntils:item/z/sfx/invcube/center/98", "tints": [{"type": "minecraft:custom_model_data", "default": 16777215}]}}, {"threshold": 0.38671875, "model": {"type": "minecraft:model", "model": "ntils:item/z/sfx/invcube/center/99", "tints": [{"type": "minecraft:custom_model_data", "default": 16777215}]}}, {"threshold": 0.390625, "model": {"type": "minecraft:model", "model": "ntils:item/z/sfx/invcube/center/100", "tints": [{"type": "minecraft:custom_model_data", "default": 16777215}]}}, {"threshold": 0.39453125, "model": {"type": "minecraft:model", "model": "ntils:item/z/sfx/invcube/center/101", "tints": [{"type": "minecraft:custom_model_data", "default": 16777215}]}}, {"threshold": 0.3984375, "model": {"type": "minecraft:model", "model": "ntils:item/z/sfx/invcube/center/102", "tints": [{"type": "minecraft:custom_model_data", "default": 16777215}]}}, {"threshold": 0.40234375, "model": {"type": "minecraft:model", "model": "ntils:item/z/sfx/invcube/center/103", "tints": [{"type": "minecraft:custom_model_data", "default": 16777215}]}}, {"threshold": 0.40625, "model": {"type": "minecraft:model", "model": "ntils:item/z/sfx/invcube/center/104", "tints": [{"type": "minecraft:custom_model_data", "default": 16777215}]}}, {"threshold": 0.41015625, "model": {"type": "minecraft:model", "model": "ntils:item/z/sfx/invcube/center/105", "tints": [{"type": "minecraft:custom_model_data", "default": 16777215}]}}, {"threshold": 0.4140625, "model": {"type": "minecraft:model", "model": "ntils:item/z/sfx/invcube/center/106", "tints": [{"type": "minecraft:custom_model_data", "default": 16777215}]}}, {"threshold": 0.41796875, "model": {"type": "minecraft:model", "model": "ntils:item/z/sfx/invcube/center/107", "tints": [{"type": "minecraft:custom_model_data", "default": 16777215}]}}, {"threshold": 0.421875, "model": {"type": "minecraft:model", "model": "ntils:item/z/sfx/invcube/center/108", "tints": [{"type": "minecraft:custom_model_data", "default": 16777215}]}}, {"threshold": 0.42578125, "model": {"type": "minecraft:model", "model": "ntils:item/z/sfx/invcube/center/109", "tints": [{"type": "minecraft:custom_model_data", "default": 16777215}]}}, {"threshold": 0.4296875, "model": {"type": "minecraft:model", "model": "ntils:item/z/sfx/invcube/center/110", "tints": [{"type": "minecraft:custom_model_data", "default": 16777215}]}}, {"threshold": 0.43359375, "model": {"type": "minecraft:model", "model": "ntils:item/z/sfx/invcube/center/111", "tints": [{"type": "minecraft:custom_model_data", "default": 16777215}]}}, {"threshold": 0.4375, "model": {"type": "minecraft:model", "model": "ntils:item/z/sfx/invcube/center/112", "tints": [{"type": "minecraft:custom_model_data", "default": 16777215}]}}, {"threshold": 0.44140625, "model": {"type": "minecraft:model", "model": "ntils:item/z/sfx/invcube/center/113", "tints": [{"type": "minecraft:custom_model_data", "default": 16777215}]}}, {"threshold": 0.4453125, "model": {"type": "minecraft:model", "model": "ntils:item/z/sfx/invcube/center/114", "tints": [{"type": "minecraft:custom_model_data", "default": 16777215}]}}, {"threshold": 0.44921875, "model": {"type": "minecraft:model", "model": "ntils:item/z/sfx/invcube/center/115", "tints": [{"type": "minecraft:custom_model_data", "default": 16777215}]}}, {"threshold": 0.453125, "model": {"type": "minecraft:model", "model": "ntils:item/z/sfx/invcube/center/116", "tints": [{"type": "minecraft:custom_model_data", "default": 16777215}]}}, {"threshold": 0.45703125, "model": {"type": "minecraft:model", "model": "ntils:item/z/sfx/invcube/center/117", "tints": [{"type": "minecraft:custom_model_data", "default": 16777215}]}}, {"threshold": 0.4609375, "model": {"type": "minecraft:model", "model": "ntils:item/z/sfx/invcube/center/118", "tints": [{"type": "minecraft:custom_model_data", "default": 16777215}]}}, {"threshold": 0.46484375, "model": {"type": "minecraft:model", "model": "ntils:item/z/sfx/invcube/center/119", "tints": [{"type": "minecraft:custom_model_data", "default": 16777215}]}}, {"threshold": 0.46875, "model": {"type": "minecraft:model", "model": "ntils:item/z/sfx/invcube/center/120", "tints": [{"type": "minecraft:custom_model_data", "default": 16777215}]}}, {"threshold": 0.47265625, "model": {"type": "minecraft:model", "model": "ntils:item/z/sfx/invcube/center/121", "tints": [{"type": "minecraft:custom_model_data", "default": 16777215}]}}, {"threshold": 0.4765625, "model": {"type": "minecraft:model", "model": "ntils:item/z/sfx/invcube/center/122", "tints": [{"type": "minecraft:custom_model_data", "default": 16777215}]}}, {"threshold": 0.48046875, "model": {"type": "minecraft:model", "model": "ntils:item/z/sfx/invcube/center/123", "tints": [{"type": "minecraft:custom_model_data", "default": 16777215}]}}, {"threshold": 0.484375, "model": {"type": "minecraft:model", "model": "ntils:item/z/sfx/invcube/center/124", "tints": [{"type": "minecraft:custom_model_data", "default": 16777215}]}}, {"threshold": 0.48828125, "model": {"type": "minecraft:model", "model": "ntils:item/z/sfx/invcube/center/125", "tints": [{"type": "minecraft:custom_model_data", "default": 16777215}]}}, {"threshold": 0.4921875, "model": {"type": "minecraft:model", "model": "ntils:item/z/sfx/invcube/center/126", "tints": [{"type": "minecraft:custom_model_data", "default": 16777215}]}}, {"threshold": 0.49609375, "model": {"type": "minecraft:model", "model": "ntils:item/z/sfx/invcube/center/127", "tints": [{"type": "minecraft:custom_model_data", "default": 16777215}]}}, {"threshold": 0.5, "model": {"type": "minecraft:model", "model": "ntils:item/z/sfx/invcube/center/128", "tints": [{"type": "minecraft:custom_model_data", "default": 16777215}]}}, {"threshold": 0.50390625, "model": {"type": "minecraft:model", "model": "ntils:item/z/sfx/invcube/center/129", "tints": [{"type": "minecraft:custom_model_data", "default": 16777215}]}}, {"threshold": 0.5078125, "model": {"type": "minecraft:model", "model": "ntils:item/z/sfx/invcube/center/130", "tints": [{"type": "minecraft:custom_model_data", "default": 16777215}]}}, {"threshold": 0.51171875, "model": {"type": "minecraft:model", "model": "ntils:item/z/sfx/invcube/center/131", "tints": [{"type": "minecraft:custom_model_data", "default": 16777215}]}}, {"threshold": 0.515625, "model": {"type": "minecraft:model", "model": "ntils:item/z/sfx/invcube/center/132", "tints": [{"type": "minecraft:custom_model_data", "default": 16777215}]}}, {"threshold": 0.51953125, "model": {"type": "minecraft:model", "model": "ntils:item/z/sfx/invcube/center/133", "tints": [{"type": "minecraft:custom_model_data", "default": 16777215}]}}, {"threshold": 0.5234375, "model": {"type": "minecraft:model", "model": "ntils:item/z/sfx/invcube/center/134", "tints": [{"type": "minecraft:custom_model_data", "default": 16777215}]}}, {"threshold": 0.52734375, "model": {"type": "minecraft:model", "model": "ntils:item/z/sfx/invcube/center/135", "tints": [{"type": "minecraft:custom_model_data", "default": 16777215}]}}, {"threshold": 0.53125, "model": {"type": "minecraft:model", "model": "ntils:item/z/sfx/invcube/center/136", "tints": [{"type": "minecraft:custom_model_data", "default": 16777215}]}}, {"threshold": 0.53515625, "model": {"type": "minecraft:model", "model": "ntils:item/z/sfx/invcube/center/137", "tints": [{"type": "minecraft:custom_model_data", "default": 16777215}]}}, {"threshold": 0.5390625, "model": {"type": "minecraft:model", "model": "ntils:item/z/sfx/invcube/center/138", "tints": [{"type": "minecraft:custom_model_data", "default": 16777215}]}}, {"threshold": 0.54296875, "model": {"type": "minecraft:model", "model": "ntils:item/z/sfx/invcube/center/139", "tints": [{"type": "minecraft:custom_model_data", "default": 16777215}]}}, {"threshold": 0.546875, "model": {"type": "minecraft:model", "model": "ntils:item/z/sfx/invcube/center/140", "tints": [{"type": "minecraft:custom_model_data", "default": 16777215}]}}, {"threshold": 0.55078125, "model": {"type": "minecraft:model", "model": "ntils:item/z/sfx/invcube/center/141", "tints": [{"type": "minecraft:custom_model_data", "default": 16777215}]}}, {"threshold": 0.5546875, "model": {"type": "minecraft:model", "model": "ntils:item/z/sfx/invcube/center/142", "tints": [{"type": "minecraft:custom_model_data", "default": 16777215}]}}, {"threshold": 0.55859375, "model": {"type": "minecraft:model", "model": "ntils:item/z/sfx/invcube/center/143", "tints": [{"type": "minecraft:custom_model_data", "default": 16777215}]}}, {"threshold": 0.5625, "model": {"type": "minecraft:model", "model": "ntils:item/z/sfx/invcube/center/144", "tints": [{"type": "minecraft:custom_model_data", "default": 16777215}]}}, {"threshold": 0.56640625, "model": {"type": "minecraft:model", "model": "ntils:item/z/sfx/invcube/center/145", "tints": [{"type": "minecraft:custom_model_data", "default": 16777215}]}}, {"threshold": 0.5703125, "model": {"type": "minecraft:model", "model": "ntils:item/z/sfx/invcube/center/146", "tints": [{"type": "minecraft:custom_model_data", "default": 16777215}]}}, {"threshold": 0.57421875, "model": {"type": "minecraft:model", "model": "ntils:item/z/sfx/invcube/center/147", "tints": [{"type": "minecraft:custom_model_data", "default": 16777215}]}}, {"threshold": 0.578125, "model": {"type": "minecraft:model", "model": "ntils:item/z/sfx/invcube/center/148", "tints": [{"type": "minecraft:custom_model_data", "default": 16777215}]}}, {"threshold": 0.58203125, "model": {"type": "minecraft:model", "model": "ntils:item/z/sfx/invcube/center/149", "tints": [{"type": "minecraft:custom_model_data", "default": 16777215}]}}, {"threshold": 0.5859375, "model": {"type": "minecraft:model", "model": "ntils:item/z/sfx/invcube/center/150", "tints": [{"type": "minecraft:custom_model_data", "default": 16777215}]}}, {"threshold": 0.58984375, "model": {"type": "minecraft:model", "model": "ntils:item/z/sfx/invcube/center/151", "tints": [{"type": "minecraft:custom_model_data", "default": 16777215}]}}, {"threshold": 0.59375, "model": {"type": "minecraft:model", "model": "ntils:item/z/sfx/invcube/center/152", "tints": [{"type": "minecraft:custom_model_data", "default": 16777215}]}}, {"threshold": 0.59765625, "model": {"type": "minecraft:model", "model": "ntils:item/z/sfx/invcube/center/153", "tints": [{"type": "minecraft:custom_model_data", "default": 16777215}]}}, {"threshold": 0.6015625, "model": {"type": "minecraft:model", "model": "ntils:item/z/sfx/invcube/center/154", "tints": [{"type": "minecraft:custom_model_data", "default": 16777215}]}}, {"threshold": 0.60546875, "model": {"type": "minecraft:model", "model": "ntils:item/z/sfx/invcube/center/155", "tints": [{"type": "minecraft:custom_model_data", "default": 16777215}]}}, {"threshold": 0.609375, "model": {"type": "minecraft:model", "model": "ntils:item/z/sfx/invcube/center/156", "tints": [{"type": "minecraft:custom_model_data", "default": 16777215}]}}, {"threshold": 0.61328125, "model": {"type": "minecraft:model", "model": "ntils:item/z/sfx/invcube/center/157", "tints": [{"type": "minecraft:custom_model_data", "default": 16777215}]}}, {"threshold": 0.6171875, "model": {"type": "minecraft:model", "model": "ntils:item/z/sfx/invcube/center/158", "tints": [{"type": "minecraft:custom_model_data", "default": 16777215}]}}, {"threshold": 0.62109375, "model": {"type": "minecraft:model", "model": "ntils:item/z/sfx/invcube/center/159", "tints": [{"type": "minecraft:custom_model_data", "default": 16777215}]}}, {"threshold": 0.625, "model": {"type": "minecraft:model", "model": "ntils:item/z/sfx/invcube/center/160", "tints": [{"type": "minecraft:custom_model_data", "default": 16777215}]}}, {"threshold": 0.62890625, "model": {"type": "minecraft:model", "model": "ntils:item/z/sfx/invcube/center/161", "tints": [{"type": "minecraft:custom_model_data", "default": 16777215}]}}, {"threshold": 0.6328125, "model": {"type": "minecraft:model", "model": "ntils:item/z/sfx/invcube/center/162", "tints": [{"type": "minecraft:custom_model_data", "default": 16777215}]}}, {"threshold": 0.63671875, "model": {"type": "minecraft:model", "model": "ntils:item/z/sfx/invcube/center/163", "tints": [{"type": "minecraft:custom_model_data", "default": 16777215}]}}, {"threshold": 0.640625, "model": {"type": "minecraft:model", "model": "ntils:item/z/sfx/invcube/center/164", "tints": [{"type": "minecraft:custom_model_data", "default": 16777215}]}}, {"threshold": 0.64453125, "model": {"type": "minecraft:model", "model": "ntils:item/z/sfx/invcube/center/165", "tints": [{"type": "minecraft:custom_model_data", "default": 16777215}]}}, {"threshold": 0.6484375, "model": {"type": "minecraft:model", "model": "ntils:item/z/sfx/invcube/center/166", "tints": [{"type": "minecraft:custom_model_data", "default": 16777215}]}}, {"threshold": 0.65234375, "model": {"type": "minecraft:model", "model": "ntils:item/z/sfx/invcube/center/167", "tints": [{"type": "minecraft:custom_model_data", "default": 16777215}]}}, {"threshold": 0.65625, "model": {"type": "minecraft:model", "model": "ntils:item/z/sfx/invcube/center/168", "tints": [{"type": "minecraft:custom_model_data", "default": 16777215}]}}, {"threshold": 0.66015625, "model": {"type": "minecraft:model", "model": "ntils:item/z/sfx/invcube/center/169", "tints": [{"type": "minecraft:custom_model_data", "default": 16777215}]}}, {"threshold": 0.6640625, "model": {"type": "minecraft:model", "model": "ntils:item/z/sfx/invcube/center/170", "tints": [{"type": "minecraft:custom_model_data", "default": 16777215}]}}, {"threshold": 0.66796875, "model": {"type": "minecraft:model", "model": "ntils:item/z/sfx/invcube/center/171", "tints": [{"type": "minecraft:custom_model_data", "default": 16777215}]}}, {"threshold": 0.671875, "model": {"type": "minecraft:model", "model": "ntils:item/z/sfx/invcube/center/172", "tints": [{"type": "minecraft:custom_model_data", "default": 16777215}]}}, {"threshold": 0.67578125, "model": {"type": "minecraft:model", "model": "ntils:item/z/sfx/invcube/center/173", "tints": [{"type": "minecraft:custom_model_data", "default": 16777215}]}}, {"threshold": 0.6796875, "model": {"type": "minecraft:model", "model": "ntils:item/z/sfx/invcube/center/174", "tints": [{"type": "minecraft:custom_model_data", "default": 16777215}]}}, {"threshold": 0.68359375, "model": {"type": "minecraft:model", "model": "ntils:item/z/sfx/invcube/center/175", "tints": [{"type": "minecraft:custom_model_data", "default": 16777215}]}}, {"threshold": 0.6875, "model": {"type": "minecraft:model", "model": "ntils:item/z/sfx/invcube/center/176", "tints": [{"type": "minecraft:custom_model_data", "default": 16777215}]}}, {"threshold": 0.69140625, "model": {"type": "minecraft:model", "model": "ntils:item/z/sfx/invcube/center/177", "tints": [{"type": "minecraft:custom_model_data", "default": 16777215}]}}, {"threshold": 0.6953125, "model": {"type": "minecraft:model", "model": "ntils:item/z/sfx/invcube/center/178", "tints": [{"type": "minecraft:custom_model_data", "default": 16777215}]}}, {"threshold": 0.69921875, "model": {"type": "minecraft:model", "model": "ntils:item/z/sfx/invcube/center/179", "tints": [{"type": "minecraft:custom_model_data", "default": 16777215}]}}, {"threshold": 0.703125, "model": {"type": "minecraft:model", "model": "ntils:item/z/sfx/invcube/center/180", "tints": [{"type": "minecraft:custom_model_data", "default": 16777215}]}}, {"threshold": 0.70703125, "model": {"type": "minecraft:model", "model": "ntils:item/z/sfx/invcube/center/181", "tints": [{"type": "minecraft:custom_model_data", "default": 16777215}]}}, {"threshold": 0.7109375, "model": {"type": "minecraft:model", "model": "ntils:item/z/sfx/invcube/center/182", "tints": [{"type": "minecraft:custom_model_data", "default": 16777215}]}}, {"threshold": 0.71484375, "model": {"type": "minecraft:model", "model": "ntils:item/z/sfx/invcube/center/183", "tints": [{"type": "minecraft:custom_model_data", "default": 16777215}]}}, {"threshold": 0.71875, "model": {"type": "minecraft:model", "model": "ntils:item/z/sfx/invcube/center/184", "tints": [{"type": "minecraft:custom_model_data", "default": 16777215}]}}, {"threshold": 0.72265625, "model": {"type": "minecraft:model", "model": "ntils:item/z/sfx/invcube/center/185", "tints": [{"type": "minecraft:custom_model_data", "default": 16777215}]}}, {"threshold": 0.7265625, "model": {"type": "minecraft:model", "model": "ntils:item/z/sfx/invcube/center/186", "tints": [{"type": "minecraft:custom_model_data", "default": 16777215}]}}, {"threshold": 0.73046875, "model": {"type": "minecraft:model", "model": "ntils:item/z/sfx/invcube/center/187", "tints": [{"type": "minecraft:custom_model_data", "default": 16777215}]}}, {"threshold": 0.734375, "model": {"type": "minecraft:model", "model": "ntils:item/z/sfx/invcube/center/188", "tints": [{"type": "minecraft:custom_model_data", "default": 16777215}]}}, {"threshold": 0.73828125, "model": {"type": "minecraft:model", "model": "ntils:item/z/sfx/invcube/center/189", "tints": [{"type": "minecraft:custom_model_data", "default": 16777215}]}}, {"threshold": 0.7421875, "model": {"type": "minecraft:model", "model": "ntils:item/z/sfx/invcube/center/190", "tints": [{"type": "minecraft:custom_model_data", "default": 16777215}]}}, {"threshold": 0.74609375, "model": {"type": "minecraft:model", "model": "ntils:item/z/sfx/invcube/center/191", "tints": [{"type": "minecraft:custom_model_data", "default": 16777215}]}}, {"threshold": 0.75, "model": {"type": "minecraft:model", "model": "ntils:item/z/sfx/invcube/center/192", "tints": [{"type": "minecraft:custom_model_data", "default": 16777215}]}}, {"threshold": 0.75390625, "model": {"type": "minecraft:model", "model": "ntils:item/z/sfx/invcube/center/193", "tints": [{"type": "minecraft:custom_model_data", "default": 16777215}]}}, {"threshold": 0.7578125, "model": {"type": "minecraft:model", "model": "ntils:item/z/sfx/invcube/center/194", "tints": [{"type": "minecraft:custom_model_data", "default": 16777215}]}}, {"threshold": 0.76171875, "model": {"type": "minecraft:model", "model": "ntils:item/z/sfx/invcube/center/195", "tints": [{"type": "minecraft:custom_model_data", "default": 16777215}]}}, {"threshold": 0.765625, "model": {"type": "minecraft:model", "model": "ntils:item/z/sfx/invcube/center/196", "tints": [{"type": "minecraft:custom_model_data", "default": 16777215}]}}, {"threshold": 0.76953125, "model": {"type": "minecraft:model", "model": "ntils:item/z/sfx/invcube/center/197", "tints": [{"type": "minecraft:custom_model_data", "default": 16777215}]}}, {"threshold": 0.7734375, "model": {"type": "minecraft:model", "model": "ntils:item/z/sfx/invcube/center/198", "tints": [{"type": "minecraft:custom_model_data", "default": 16777215}]}}, {"threshold": 0.77734375, "model": {"type": "minecraft:model", "model": "ntils:item/z/sfx/invcube/center/199", "tints": [{"type": "minecraft:custom_model_data", "default": 16777215}]}}, {"threshold": 0.78125, "model": {"type": "minecraft:model", "model": "ntils:item/z/sfx/invcube/center/200", "tints": [{"type": "minecraft:custom_model_data", "default": 16777215}]}}, {"threshold": 0.78515625, "model": {"type": "minecraft:model", "model": "ntils:item/z/sfx/invcube/center/201", "tints": [{"type": "minecraft:custom_model_data", "default": 16777215}]}}, {"threshold": 0.7890625, "model": {"type": "minecraft:model", "model": "ntils:item/z/sfx/invcube/center/202", "tints": [{"type": "minecraft:custom_model_data", "default": 16777215}]}}, {"threshold": 0.79296875, "model": {"type": "minecraft:model", "model": "ntils:item/z/sfx/invcube/center/203", "tints": [{"type": "minecraft:custom_model_data", "default": 16777215}]}}, {"threshold": 0.796875, "model": {"type": "minecraft:model", "model": "ntils:item/z/sfx/invcube/center/204", "tints": [{"type": "minecraft:custom_model_data", "default": 16777215}]}}, {"threshold": 0.80078125, "model": {"type": "minecraft:model", "model": "ntils:item/z/sfx/invcube/center/205", "tints": [{"type": "minecraft:custom_model_data", "default": 16777215}]}}, {"threshold": 0.8046875, "model": {"type": "minecraft:model", "model": "ntils:item/z/sfx/invcube/center/206", "tints": [{"type": "minecraft:custom_model_data", "default": 16777215}]}}, {"threshold": 0.80859375, "model": {"type": "minecraft:model", "model": "ntils:item/z/sfx/invcube/center/207", "tints": [{"type": "minecraft:custom_model_data", "default": 16777215}]}}, {"threshold": 0.8125, "model": {"type": "minecraft:model", "model": "ntils:item/z/sfx/invcube/center/208", "tints": [{"type": "minecraft:custom_model_data", "default": 16777215}]}}, {"threshold": 0.81640625, "model": {"type": "minecraft:model", "model": "ntils:item/z/sfx/invcube/center/209", "tints": [{"type": "minecraft:custom_model_data", "default": 16777215}]}}, {"threshold": 0.8203125, "model": {"type": "minecraft:model", "model": "ntils:item/z/sfx/invcube/center/210", "tints": [{"type": "minecraft:custom_model_data", "default": 16777215}]}}, {"threshold": 0.82421875, "model": {"type": "minecraft:model", "model": "ntils:item/z/sfx/invcube/center/211", "tints": [{"type": "minecraft:custom_model_data", "default": 16777215}]}}, {"threshold": 0.828125, "model": {"type": "minecraft:model", "model": "ntils:item/z/sfx/invcube/center/212", "tints": [{"type": "minecraft:custom_model_data", "default": 16777215}]}}, {"threshold": 0.83203125, "model": {"type": "minecraft:model", "model": "ntils:item/z/sfx/invcube/center/213", "tints": [{"type": "minecraft:custom_model_data", "default": 16777215}]}}, {"threshold": 0.8359375, "model": {"type": "minecraft:model", "model": "ntils:item/z/sfx/invcube/center/214", "tints": [{"type": "minecraft:custom_model_data", "default": 16777215}]}}, {"threshold": 0.83984375, "model": {"type": "minecraft:model", "model": "ntils:item/z/sfx/invcube/center/215", "tints": [{"type": "minecraft:custom_model_data", "default": 16777215}]}}, {"threshold": 0.84375, "model": {"type": "minecraft:model", "model": "ntils:item/z/sfx/invcube/center/216", "tints": [{"type": "minecraft:custom_model_data", "default": 16777215}]}}, {"threshold": 0.84765625, "model": {"type": "minecraft:model", "model": "ntils:item/z/sfx/invcube/center/217", "tints": [{"type": "minecraft:custom_model_data", "default": 16777215}]}}, {"threshold": 0.8515625, "model": {"type": "minecraft:model", "model": "ntils:item/z/sfx/invcube/center/218", "tints": [{"type": "minecraft:custom_model_data", "default": 16777215}]}}, {"threshold": 0.85546875, "model": {"type": "minecraft:model", "model": "ntils:item/z/sfx/invcube/center/219", "tints": [{"type": "minecraft:custom_model_data", "default": 16777215}]}}, {"threshold": 0.859375, "model": {"type": "minecraft:model", "model": "ntils:item/z/sfx/invcube/center/220", "tints": [{"type": "minecraft:custom_model_data", "default": 16777215}]}}, {"threshold": 0.86328125, "model": {"type": "minecraft:model", "model": "ntils:item/z/sfx/invcube/center/221", "tints": [{"type": "minecraft:custom_model_data", "default": 16777215}]}}, {"threshold": 0.8671875, "model": {"type": "minecraft:model", "model": "ntils:item/z/sfx/invcube/center/222", "tints": [{"type": "minecraft:custom_model_data", "default": 16777215}]}}, {"threshold": 0.87109375, "model": {"type": "minecraft:model", "model": "ntils:item/z/sfx/invcube/center/223", "tints": [{"type": "minecraft:custom_model_data", "default": 16777215}]}}, {"threshold": 0.875, "model": {"type": "minecraft:model", "model": "ntils:item/z/sfx/invcube/center/224", "tints": [{"type": "minecraft:custom_model_data", "default": 16777215}]}}, {"threshold": 0.87890625, "model": {"type": "minecraft:model", "model": "ntils:item/z/sfx/invcube/center/225", "tints": [{"type": "minecraft:custom_model_data", "default": 16777215}]}}, {"threshold": 0.8828125, "model": {"type": "minecraft:model", "model": "ntils:item/z/sfx/invcube/center/226", "tints": [{"type": "minecraft:custom_model_data", "default": 16777215}]}}, {"threshold": 0.88671875, "model": {"type": "minecraft:model", "model": "ntils:item/z/sfx/invcube/center/227", "tints": [{"type": "minecraft:custom_model_data", "default": 16777215}]}}, {"threshold": 0.890625, "model": {"type": "minecraft:model", "model": "ntils:item/z/sfx/invcube/center/228", "tints": [{"type": "minecraft:custom_model_data", "default": 16777215}]}}, {"threshold": 0.89453125, "model": {"type": "minecraft:model", "model": "ntils:item/z/sfx/invcube/center/229", "tints": [{"type": "minecraft:custom_model_data", "default": 16777215}]}}, {"threshold": 0.8984375, "model": {"type": "minecraft:model", "model": "ntils:item/z/sfx/invcube/center/230", "tints": [{"type": "minecraft:custom_model_data", "default": 16777215}]}}, {"threshold": 0.90234375, "model": {"type": "minecraft:model", "model": "ntils:item/z/sfx/invcube/center/231", "tints": [{"type": "minecraft:custom_model_data", "default": 16777215}]}}, {"threshold": 0.90625, "model": {"type": "minecraft:model", "model": "ntils:item/z/sfx/invcube/center/232", "tints": [{"type": "minecraft:custom_model_data", "default": 16777215}]}}, {"threshold": 0.91015625, "model": {"type": "minecraft:model", "model": "ntils:item/z/sfx/invcube/center/233", "tints": [{"type": "minecraft:custom_model_data", "default": 16777215}]}}, {"threshold": 0.9140625, "model": {"type": "minecraft:model", "model": "ntils:item/z/sfx/invcube/center/234", "tints": [{"type": "minecraft:custom_model_data", "default": 16777215}]}}, {"threshold": 0.91796875, "model": {"type": "minecraft:model", "model": "ntils:item/z/sfx/invcube/center/235", "tints": [{"type": "minecraft:custom_model_data", "default": 16777215}]}}, {"threshold": 0.921875, "model": {"type": "minecraft:model", "model": "ntils:item/z/sfx/invcube/center/236", "tints": [{"type": "minecraft:custom_model_data", "default": 16777215}]}}, {"threshold": 0.92578125, "model": {"type": "minecraft:model", "model": "ntils:item/z/sfx/invcube/center/237", "tints": [{"type": "minecraft:custom_model_data", "default": 16777215}]}}, {"threshold": 0.9296875, "model": {"type": "minecraft:model", "model": "ntils:item/z/sfx/invcube/center/238", "tints": [{"type": "minecraft:custom_model_data", "default": 16777215}]}}, {"threshold": 0.93359375, "model": {"type": "minecraft:model", "model": "ntils:item/z/sfx/invcube/center/239", "tints": [{"type": "minecraft:custom_model_data", "default": 16777215}]}}, {"threshold": 0.9375, "model": {"type": "minecraft:model", "model": "ntils:item/z/sfx/invcube/center/240", "tints": [{"type": "minecraft:custom_model_data", "default": 16777215}]}}, {"threshold": 0.94140625, "model": {"type": "minecraft:model", "model": "ntils:item/z/sfx/invcube/center/241", "tints": [{"type": "minecraft:custom_model_data", "default": 16777215}]}}, {"threshold": 0.9453125, "model": {"type": "minecraft:model", "model": "ntils:item/z/sfx/invcube/center/242", "tints": [{"type": "minecraft:custom_model_data", "default": 16777215}]}}, {"threshold": 0.94921875, "model": {"type": "minecraft:model", "model": "ntils:item/z/sfx/invcube/center/243", "tints": [{"type": "minecraft:custom_model_data", "default": 16777215}]}}, {"threshold": 0.953125, "model": {"type": "minecraft:model", "model": "ntils:item/z/sfx/invcube/center/244", "tints": [{"type": "minecraft:custom_model_data", "default": 16777215}]}}, {"threshold": 0.95703125, "model": {"type": "minecraft:model", "model": "ntils:item/z/sfx/invcube/center/245", "tints": [{"type": "minecraft:custom_model_data", "default": 16777215}]}}, {"threshold": 0.9609375, "model": {"type": "minecraft:model", "model": "ntils:item/z/sfx/invcube/center/246", "tints": [{"type": "minecraft:custom_model_data", "default": 16777215}]}}, {"threshold": 0.96484375, "model": {"type": "minecraft:model", "model": "ntils:item/z/sfx/invcube/center/247", "tints": [{"type": "minecraft:custom_model_data", "default": 16777215}]}}, {"threshold": 0.96875, "model": {"type": "minecraft:model", "model": "ntils:item/z/sfx/invcube/center/248", "tints": [{"type": "minecraft:custom_model_data", "default": 16777215}]}}, {"threshold": 0.97265625, "model": {"type": "minecraft:model", "model": "ntils:item/z/sfx/invcube/center/249", "tints": [{"type": "minecraft:custom_model_data", "default": 16777215}]}}, {"threshold": 0.9765625, "model": {"type": "minecraft:model", "model": "ntils:item/z/sfx/invcube/center/250", "tints": [{"type": "minecraft:custom_model_data", "default": 16777215}]}}, {"threshold": 0.98046875, "model": {"type": "minecraft:model", "model": "ntils:item/z/sfx/invcube/center/251", "tints": [{"type": "minecraft:custom_model_data", "default": 16777215}]}}, {"threshold": 0.984375, "model": {"type": "minecraft:model", "model": "ntils:item/z/sfx/invcube/center/252", "tints": [{"type": "minecraft:custom_model_data", "default": 16777215}]}}, {"threshold": 0.98828125, "model": {"type": "minecraft:model", "model": "ntils:item/z/sfx/invcube/center/253", "tints": [{"type": "minecraft:custom_model_data", "default": 16777215}]}}, {"threshold": 0.9921875, "model": {"type": "minecraft:model", "model": "ntils:item/z/sfx/invcube/center/254", "tints": [{"type": "minecraft:custom_model_data", "default": 16777215}]}}, {"threshold": 0.99609375, "model": {"type": "minecraft:model", "model": "ntils:item/z/sfx/invcube/center/255", "tints": [{"type": "minecraft:custom_model_data", "default": 16777215}]}}], "fallback": {"type": "minecraft:model", "model": "ntils:item/z/sfx/invcube/center/255", "tints": [{"type": "minecraft:custom_model_data", "default": 16777215}]}}}